Workbook

Sheet README
A1: Workforce Intelligence - Employee Dataset (fictional)
A2: Company: Nimbus Technologies. As-of date 15 Oct 2026. 120 employees, 7 projects. Built for HackAttack - Workforce Intelligence.
A4: Sheets
A5: Employee_Master - HR-style employee records. Allocated Hrs, Utilization, Available Hrs and Workload Status are formulas over Allocations.
A6: Skill_Matrix - employee x skill proficiency grid (1 beginner ... 5 expert). Blank = no skill recorded.
A7: Allocations - who works on which project, hours per week. Movable = Yes means task can be reassigned.
A8: Projects / Project_Requirements - 6 active projects and 1 planning project (P7). Training_Catalog and Skills - reference lists.
A10: Rules: Utilization = allocated hrs / capacity hrs. Overloaded > 100%. Underutilized < 50%. Otherwise Healthy.
A11: Scenario A: P7 Customer Churn Analytics needs Python L4, Cloud L4, Data Analytics L4, SQL L3, Spark L3, Power BI L2. Spark is a deliberate gap (nobody above L2).
A12: Scenario B: several overloaded employees share skills with underutilized employees, so rebalancing is possible.
A14: All names, emails, managers, clients and courses are fictional. Current Projects column is a text snapshot of Allocations.

Sheet Employee_Master
A1: Employee ID | B1: Full Name | C1: Email | D1: Department | E1: Designation | F1: Grade | G1: Reporting Manager | H1: Date of Joining | I1: Total Experience (Yrs) | J1: Work Location | K1: Work Mode | L1: Employment Type | M1: Highest Qualification | N1: Primary Skills | O1: Secondary Skills | P1: Certifications | Q1: Performance Rating (1-5) | R1: Capacity Hrs/Week | S1: Allocated Hrs/Week | T1: Utilization | U1: Available Hrs/Week | V1: Workload Status | W1: Current Projects | X1: Leave Start | Y1: Leave End | Z1: Last Training Completed
A2: NT-1001 | B2: Pooja Mishra | C2: pooja.mishra@nimbustech.example | D2: Quality Assurance | E2: Senior QA Engineer | F2: L3 | G2: Aarav Teja | H2: 45902 | I2: 7 | J2: Chennai | K2: Onsite | L2: Full-time | M2: M.Tech Computer Science | N2: Testing & QA (L5), SQL (L3), JavaScript (L2) | P2: ISTQB Foundation Level | Q2: 4 | R2: 40 | S2: =SUMIFS(Allocations!$G$2:$G$274,Allocations!$B$2:$B$274,A2) -> 32 | T2: =S2/R2 -> 0.8 | U2: =R2-S2 -> 8 | V2: =IF(T2>1,"Overloaded",IF(T2<0.5,"Underutilized","Healthy")) -> Healthy | W2: Hospital Appointment Portal (15h); HR Analytics Dashboard (17h)
A3: NT-1002 | B3: Varun Teja | C3: varun.teja@nimbustech.example | D3: Quality Assurance | E3: QA Engineer | F3: L2 | G3: Aarav Teja | H3: 45363 | I3: 3 | J3: Pune | K3: Onsite | L3: Full-time | M3: B.Sc Computer Science | N3: Testing & QA (L5), JavaScript (L3), SQL (L2) | Q3: 3 | R3: 40 | S3: =SUMIFS(Allocations!$G$2:$G$274,Allocations!$B$2:$B$274,A3) -> 34 | T3: =S3/R3 -> 0.85 | U3: =R3-S3 -> 6 | V3: =IF(T3>1,"Overloaded",IF(T3<0.5,"Underutilized","Healthy")) -> Healthy | W3: Hospital Appointment Portal (21h); Logistics Fleet Tracker App (13h)
A4: NT-1003 | B4: Nithya Kamath | C4: nithya.kamath@nimbustech.example | D4: Engineering | E4: Frontend Developer | F4: L2 | G4: Charan Hegde | H4: 46041 | I4: 4 | J4: Mumbai | K4: Hybrid | L4: Full-time | M4: B.Tech Information Technology | N4: React (L5), UI/UX Design (L4), JavaScript (L3) | O4: Testing & QA (L3) | Q4: 4 | R4: 40 | S4: =SUMIFS(Allocations!$G$2:$G$274,Allocations!$B$2:$B$274,A4) -> 32 | T4: =S4/R4 -> 0.8 | U4: =R4-S4 -> 8 | V4: =IF(T4>1,"Overloaded",IF(T4<0.5,"Underutilized","Healthy")) -> Healthy | W4: Hospital Appointment Portal (8h); Logistics Fleet Tracker App (24h) | Z4: Spark Performance Tuning (Jul 2026)
A5: NT-1004 | B5: Akash Jain | C5: akash.jain@nimbustech.example | D5: Engineering | E5: Frontend Developer | F5: L2 | G5: Charan Hegde | H5: 44832 | I5: 4 | J5: Pune | K5: Hybrid | L5: Full-time | M5: B.E. Electronics & Communication | N5: JavaScript (L5), React (L5), UI/UX Design (L3) | O5: Testing & QA (L3) | Q5: 3 | R5: 40 | S5: =SUMIFS(Allocations!$G$2:$G$274,Allocations!$B$2:$B$274,A5) -> 24 | T5: =S5/R5 -> 0.6 | U5: =R5-S5 -> 16 | V5: =IF(T5>1,"Overloaded",IF(T5<0.5,"Underutilized","Healthy")) -> Healthy | W5: Hospital Appointment Portal (5h); Logistics Fleet Tracker App (19h) | X5: 46346 | Y5: 46351 | Z5: Python for Production Systems (Sep 2026)
A6: NT-1005 | B6: Harsha Kapoor | C6: harsha.kapoor@nimbustech.example | D6: Engineering | E6: Senior Full-Stack Developer | F6: L3 | G6: Charan Hegde | H6: 44458 | I6: 5 | J6: Bengaluru | K6: Onsite | L6: Full-time | M6: B.E. Information Science | N6: JavaScript (L5), React (L5), Node.js (L5) | O6: SQL (L3), Docker & Kubernetes (L2), DevOps & CI/CD (L2) | Q6: 2 | R6: 40 | S6: =SUMIFS(Allocations!$G$2:$G$274,Allocations!$B$2:$B$274,A6) -> 34 | T6: =S6/R6 -> 0.85 | U6: =R6-S6 -> 6 | V6: =IF(T6>1,"Overloaded",IF(T6<0.5,"Underutilized","Healthy")) -> Healthy | W6: Logistics Fleet Tracker App (17h); Hospital Appointment Portal (17h) | Z6: Data Analytics with Python and SQL (Sep 2026)
A7: NT-1006 | B7: Naveen Prasad | C7: naveen.prasad@nimbustech.example | D7: Platform | E7: Lead DevOps Engineer | F7: L4 | G7: Pooja Narayan | H7: 46176 | I7: 10 | J7: Bengaluru | K7: Hybrid | L7: Full-time | M7: B.Tech Information Technology | N7: DevOps & CI/CD (L5), Docker & Kubernetes (L4), Cloud Computing (AWS/Azure) (L4) | O7: Cybersecurity (L4), Python (L2), Data Analytics (L2) | P7: HashiCorp Terraform Associate; CEH | Q7: 3 | R7: 40 | S7: =SUMIFS(Allocations!$G$2:$G$274,Allocations!$B$2:$B$274,A7) -> 28 | T7: =S7/R7 -> 0.7 | U7: =R7-S7 -> 12 | V7: =IF(T7>1,"Overloaded",IF(T7<0.5,"Underutilized","Healthy")) -> Healthy | W7: Cloud Migration - Legacy ERP (10h); Fintech Fraud Alerts (6h); Logistics Fleet Tracker App (12h) | Z7: Apache Spark Essentials for Data Engineers (Mar 2026)
A8: NT-1007 | B8: Pallavi Tiwari | C8: pallavi.tiwari@nimbustech.example | D8: Engineering | E8: Backend Engineer | F8: L2 | G8: Charan Hegde | H8: 45172 | I8: 3 | J8: Chennai | K8: Hybrid | L8: Full-time | M8: B.Sc Computer Science | N8: Python (L3), SQL (L3), Node.js (L3) | O8: Cloud Computing (AWS/Azure) (L3), Docker & Kubernetes (L2), Power BI / Tableau (L2), Testing & QA (L1) | Q8: 4 | R8: 40 | S8: =SUMIFS(Allocations!$G$2:$G$274,Allocations!$B$2:$B$274,A8) -> 32 | T8: =S8/R8 -> 0.8 | U8: =R8-S8 -> 8 | V8: =IF(T8>1,"Overloaded",IF(T8<0.5,"Underutilized","Healthy")) -> Healthy | W8: Retail Demand Forecasting (4h); Logistics Fleet Tracker App (14h); Hospital Appointment Portal (14h) | Z8: Test Automation with Playwright (Dec 2025)
A9: NT-1008 | B9: Uday Shenoy | C9: uday.shenoy@nimbustech.example | D9: Engineering | E9: Frontend Developer | F9: L2 | G9: Charan Hegde | H9: 45144 | I9: 3 | J9: Hyderabad | K9: Onsite | L9: Full-time | M9: M.Tech Computer Science | N9: JavaScript (L5), React (L5), UI/UX Design (L3) | O9: Testing & QA (L3), Machine Learning (L2) | Q9: 4 | R9: 40 | S9: =SUMIFS(Allocations!$G$2:$G$274,Allocations!$B$2:$B$274,A9) -> 28 | T9: =S9/R9 -> 0.7 | U9: =R9-S9 -> 12 | V9: =IF(T9>1,"Overloaded",IF(T9<0.5,"Underutilized","Healthy")) -> Healthy | W9: Hospital Appointment Portal (16h); Logistics Fleet Tracker App (5h); Retail Demand Forecasting (7h) | Z9: TypeScript for JavaScript Developers (Jan 2026)
A10: NT-1009 | B10: Pooja Narayan | C10: pooja.narayan@nimbustech.example | D10: Platform | E10: Principal DevOps Engineer | F10: L5 | G10: Rajesh Khanna (VP Delivery) | H10: 45753 | I10: 12 | J10: Pune | K10: Onsite | L10: Full-time | M10: B.E. Electronics & Communication | N10: DevOps & CI/CD (L5), Docker & Kubernetes (L3), Cloud Computing (AWS/Azure) (L3) | O10: Cybersecurity (L3), Python (L2) | Q10: 3 | R10: 40 | S10: =SUMIFS(Allocations!$G$2:$G$274,Allocations!$B$2:$B$274,A10) -> 32 | T10: =S10/R10 -> 0.8 | U10: =R10-S10 -> 8 | V10: =IF(T10>1,"Overloaded",IF(T10<0.5,"Underutilized","Healthy")) -> Healthy | W10: Cloud Migration - Legacy ERP (8h); Fintech Fraud Alerts (18h); Logistics Fleet Tracker App (6h)
A11: NT-1010 | B11: Charan Hegde | C11: charan.hegde@nimbustech.example | D11: Engineering | E11: Principal Backend Engineer | F11: L5 | G11: Rajesh Khanna (VP Delivery) | H11: 45097 | I11: 12 | J11: Chennai | K11: Hybrid | L11: Full-time | M11: B.Tech Information Technology | N11: Node.js (L4), Python (L3), SQL (L3) | O11: Docker & Kubernetes (L3), Cloud Computing (AWS/Azure) (L2), Testing & QA (L2) | Q11: 4 | R11: 40 | S11: =SUMIFS(Allocations!$G$2:$G$274,Allocations!$B$2:$B$274,A11) -> 36 | T11: =S11/R11 -> 0.9 | U11: =R11-S11 -> 4 | V11: =IF(T11>1,"Overloaded",IF(T11<0.5,"Underutilized","Healthy")) -> Healthy | W11: Hospital Appointment Portal (5h); Retail Demand Forecasting (31h) | Z11: Modern React Patterns (Jan 2026)
A12: NT-1011 | B12: Divya Menon | C12: divya.menon@nimbustech.example | D12: Data & Analytics | E12: Senior Data Scientist | F12: L3 | G12: Charan Jain | H12: 45870 | I12: 7 | J12: Bengaluru | K12: Onsite | L12: Full-time | M12: M.Tech Computer Science | N12: Python (L4), Data Analytics (L4), SQL (L4) | O12: Machine Learning (L3), Power BI / Tableau (L3) | P12: PCEP - Certified Entry-Level Python Programmer; Oracle SQL Associate | Q12: 3 | R12: 40 | S12: =SUMIFS(Allocations!$G$2:$G$274,Allocations!$B$2:$B$274,A12) -> 50 | T12: =S12/R12 -> 1.25 | U12: =R12-S12 -> -10 | V12: =IF(T12>1,"Overloaded",IF(T12<0.5,"Underutilized","Healthy")) -> Overloaded | W12: HR Analytics Dashboard (20h); Retail Demand Forecasting (18h); Fintech Fraud Alerts (12h) | Z12: Python Fundamentals Bootcamp (Jan 2026)
A13: NT-1012 | B13: Isha Mehta | C13: isha.mehta@nimbustech.example | D13: AI Lab | E13: Senior ML Engineer | F13: L3 | G13: Mohan Iyer | H13: 44477 | I13: 5 | J13: Bengaluru | K13: Remote | L13: Contract | M13: B.E. Computer Science | N13: Python (L5), Machine Learning (L5), Docker & Kubernetes (L3) | O13: Data Analytics (L3), Cloud Computing (AWS/Azure) (L2) | P13: PCEP - Certified Entry-Level Python Programmer | Q13: 4 | R13: 40 | S13: =SUMIFS(Allocations!$G$2:$G$274,Allocations!$B$2:$B$274,A13) -> 32 | T13: =S13/R13 -> 0.8 | U13: =R13-S13 -> 8 | V13: =IF(T13>1,"Overloaded",IF(T13<0.5,"Underutilized","Healthy")) -> Healthy | W13: Retail Demand Forecasting (23h); Fintech Fraud Alerts (9h) | Z13: Modern React Patterns (May 2026)
A14: NT-1013 | B14: Naveen Sen | C14: naveen.sen@nimbustech.example | D14: Engineering | E14: Associate Full-Stack Developer | F14: L1 | G14: Charan Hegde | H14: 46229 | I14: 2 | J14: Pune | K14: Hybrid | L14: Full-time | M14: B.E. Electronics & Communication | N14: JavaScript (L4), React (L4), Node.js (L4) | O14: SQL (L2), Docker & Kubernetes (L2), Testing & QA (L2) | Q14: 3 | R14: 40 | S14: =SUMIFS(Allocations!$G$2:$G$274,Allocations!$B$2:$B$274,A14) -> 28 | T14: =S14/R14 -> 0.7 | U14: =R14-S14 -> 12 | V14: =IF(T14>1,"Overloaded",IF(T14<0.5,"Underutilized","Healthy")) -> Healthy | W14: Logistics Fleet Tracker App (7h); Hospital Appointment Portal (21h) | Z14: Python for Production Systems (Jan 2026)
A15: NT-1014 | B15: Aarav Teja | C15: aarav.teja@nimbustech.example | D15: Quality Assurance | E15: Principal QA Engineer | F15: L5 | G15: Rajesh Khanna (VP Delivery) | H15: 45209 | I15: 14 | J15: Bengaluru | K15: Hybrid | L15: Contract | M15: MCA | N15: Testing & QA (L4), JavaScript (L3), Python (L3) | O15: SQL (L2) | Q15: 2 | R15: 40 | S15: =SUMIFS(Allocations!$G$2:$G$274,Allocations!$B$2:$B$274,A15) -> 24 | T15: =S15/R15 -> 0.6 | U15: =R15-S15 -> 16 | V15: =IF(T15>1,"Overloaded",IF(T15<0.5,"Underutilized","Healthy")) -> Healthy | W15: Hospital Appointment Portal (9h); Fintech Fraud Alerts (15h) | Z15: Power BI Dashboard Design (May 2026)
A16: NT-1015 | B16: Imran Sheikh | C16: imran.sheikh@nimbustech.example | D16: Data & Analytics | E16: Data Scientist | F16: L2 | G16: Charan Jain | H16: 46167 | I16: 3 | J16: Mumbai | K16: Hybrid | L16: Full-time | M16: B.Sc Computer Science | N16: Python (L4), Machine Learning (L3), SQL (L3) | O16: Data Analytics (L3), Apache Spark (L2) | P16: PCEP - Certified Entry-Level Python Programmer | Q16: 3 | R16: 40 | S16: =SUMIFS(Allocations!$G$2:$G$274,Allocations!$B$2:$B$274,A16) -> 10 | T16: =S16/R16 -> 0.25 | U16: =R16-S16 -> 30 | V16: =IF(T16>1,"Overloaded",IF(T16<0.5,"Underutilized","Healthy")) -> Underutilized | W16: Retail Demand Forecasting (10h) | Z16: Data Analytics with Python and SQL (May 2026)
A17: NT-1016 | B17: Disha Iyer | C17: disha.iyer@nimbustech.example | D17: Engineering | E17: Senior Backend Engineer | F17: L3 | G17: Charan Hegde | H17: 44602 | I17: 5 | J17: Hyderabad | K17: Hybrid | L17: Full-time | M17: M.Tech Computer Science | N17: Python (L5), SQL (L4), Cloud Computing (AWS/Azure) (L4) | O17: Node.js (L2), Docker & Kubernetes (L2), Testing & QA (L2) | P17: PCEP - Certified Entry-Level Python Programmer; Oracle SQL Associate; Microsoft Azure Fundamentals (AZ-900) | Q17: 3 | R17: 40 | S17: =SUMIFS(Allocations!$G$2:$G$274,Allocations!$B$2:$B$274,A17) -> 28 | T17: =S17/R17 -> 0.7 | U17: =R17-S17 -> 12 | V17: =IF(T17>1,"Overloaded",IF(T17<0.5,"Underutilized","Healthy")) -> Healthy | W17: Retail Demand Forecasting (7h); Cloud Migration - Legacy ERP (5h); Logistics Fleet Tracker App (16h)
A18: NT-1017 | B18: Keerthi Nambiar | C18: keerthi.nambiar@nimbustech.example | D18: AI Lab | E18: Associate ML Engineer | F18: L1 | G18: Mohan Iyer | H18: 45727 | I18: 1 | J18: Bengaluru | K18: Onsite | L18: Full-time | M18: B.E. Computer Science | N18: Machine Learning (L5), Python (L4), Docker & Kubernetes (L4) | O18: Cloud Computing (AWS/Azure) (L3), Data Analytics (L3) | P18: TensorFlow Developer Certificate; PCEP - Certified Entry-Level Python Programmer; Certified Kubernetes Administrator (CKA) | Q18: 4 | R18: 40 | S18: =SUMIFS(Allocations!$G$2:$G$274,Allocations!$B$2:$B$274,A18) -> 36 | T18: =S18/R18 -> 0.9 | U18: =R18-S18 -> 4 | V18: =IF(T18>1,"Overloaded",IF(T18<0.5,"Underutilized","Healthy")) -> Healthy | W18: Retail Demand Forecasting (23h); Fintech Fraud Alerts (13h) | Z18: Applied Machine Learning (May 2026)
A19: NT-1018 | B19: Karthik Ghosh | C19: karthik.ghosh@nimbustech.example | D19: Design | E19: Lead UI/UX Designer | F19: L4 | G19: Priya Teja | H19: 43120 | I19: 10 | J19: Bengaluru | K19: Hybrid | L19: Full-time | M19: B.E. Electronics & Communication | N19: UI/UX Design (L5), JavaScript (L3), React (L2) | O19: DevOps & CI/CD (L1) | Q19: 3 | R19: 40 | S19: =SUMIFS(Allocations!$G$2:$G$274,Allocations!$B$2:$B$274,A19) -> 36 | T19: =S19/R19 -> 0.9 | U19: =R19-S19 -> 4 | V19: =IF(T19>1,"Overloaded",IF(T19<0.5,"Underutilized","Healthy")) -> Healthy | W19: Hospital Appointment Portal (23h); Logistics Fleet Tracker App (13h) | Z19: Apache Spark Essentials for Data Engineers (Aug 2026)
A20: NT-1019 | B20: Usha Khan | C20: usha.khan@nimbustech.example | D20: Engineering | E20: Associate Full-Stack Developer | F20: L1 | G20: Charan Hegde | H20: 45945 | I20: 1 | J20: Chennai | K20: Hybrid | L20: Full-time | M20: M.Tech Computer Science | N20: React (L4), SQL (L4), JavaScript (L3) | O20: Node.js (L3), Docker & Kubernetes (L3) | P20: Oracle SQL Associate | Q20: 3 | R20: 40 | S20: =SUMIFS(Allocations!$G$2:$G$274,Allocations!$B$2:$B$274,A20) -> 28 | T20: =S20/R20 -> 0.7 | U20: =R20-S20 -> 12 | V20: =IF(T20>1,"Overloaded",IF(T20<0.5,"Underutilized","Healthy")) -> Healthy | W20: Hospital Appointment Portal (6h); Logistics Fleet Tracker App (4h); Retail Demand Forecasting (18h) | Z20: Modern React Patterns (May 2026)
A21: NT-1020 | B21: Ritika Naik | C21: ritika.naik@nimbustech.example | D21: Platform | E21: Senior DevOps Engineer | F21: L3 | G21: Pooja Narayan | H21: 45452 | I21: 6 | J21: Bengaluru | K21: Hybrid | L21: Contract | M21: B.E. Information Science | N21: DevOps & CI/CD (L5), Docker & Kubernetes (L3), Cloud Computing (AWS/Azure) (L3) | O21: Cybersecurity (L3), Python (L2), JavaScript (L2) | Q21: 3 | R21: 40 | S21: =SUMIFS(Allocations!$G$2:$G$274,Allocations!$B$2:$B$274,A21) -> 16 | T21: =S21/R21 -> 0.4 | U21: =R21-S21 -> 24 | V21: =IF(T21>1,"Overloaded",IF(T21<0.5,"Underutilized","Healthy")) -> Underutilized | W21: Cloud Migration - Legacy ERP (16h) | Z21: Secure Cloud Engineering (Jul 2026)
A22: NT-1021 | B22: Chetan Sen | C22: chetan.sen@nimbustech.example | D22: Engineering | E22: Lead Full-Stack Developer | F22: L4 | G22: Charan Hegde | H22: 46100 | I22: 9 | J22: Bengaluru | K22: Hybrid | L22: Full-time | M22: B.E. Electronics & Communication | N22: Node.js (L5), React (L4), JavaScript (L3) | O22: SQL (L3), Docker & Kubernetes (L2), Data Analytics (L1) | Q22: 3 | R22: 40 | S22: =SUMIFS(Allocations!$G$2:$G$274,Allocations!$B$2:$B$274,A22) -> 28 | T22: =S22/R22 -> 0.7 | U22: =R22-S22 -> 12 | V22: =IF(T22>1,"Overloaded",IF(T22<0.5,"Underutilized","Healthy")) -> Healthy | W22: Logistics Fleet Tracker App (9h); Hospital Appointment Portal (7h); HR Analytics Dashboard (12h) | Z22: Power BI Dashboard Design (Aug 2026)
A23: NT-1022 | B23: Lakshmi Chauhan | C23: lakshmi.chauhan@nimbustech.example | D23: Engineering | E23: Senior Backend Engineer | F23: L3 | G23: Charan Hegde | H23: 45212 | I23: 5 | J23: Bengaluru | K23: Remote | L23: Full-time | M23: B.Sc Computer Science | N23: Python (L4), SQL (L4), Node.js (L4) | O23: Cloud Computing (AWS/Azure) (L3), Docker & Kubernetes (L2), Testing & QA (L2) | Q23: 3 | R23: 40 | S23: =SUMIFS(Allocations!$G$2:$G$274,Allocations!$B$2:$B$274,A23) -> 34 | T23: =S23/R23 -> 0.85 | U23: =R23-S23 -> 6 | V23: =IF(T23>1,"Overloaded",IF(T23<0.5,"Underutilized","Healthy")) -> Healthy | W23: Hospital Appointment Portal (15h); Logistics Fleet Tracker App (19h) | Z23: TypeScript for JavaScript Developers (Aug 2026)
A24: NT-1023 | B24: Suresh Prasad | C24: suresh.prasad@nimbustech.example | D24: AI Lab | E24: Senior ML Engineer | F24: L3 | G24: Mohan Iyer | H24: 44093 | I24: 7 | J24: Hyderabad | K24: Onsite | L24: Full-time | M24: B.E. Computer Science | N24: Python (L4), Machine Learning (L4), Cloud Computing (AWS/Azure) (L4) | O24: Docker & Kubernetes (L3), Data Analytics (L3), JavaScript (L1) | P24: PCEP - Certified Entry-Level Python Programmer | Q24: 5 | R24: 40 | S24: =SUMIFS(Allocations!$G$2:$G$274,Allocations!$B$2:$B$274,A24) -> 26 | T24: =S24/R24 -> 0.65 | U24: =R24-S24 -> 14 | V24: =IF(T24>1,"Overloaded",IF(T24<0.5,"Underutilized","Healthy")) -> Healthy | W24: Retail Demand Forecasting (20h); Fintech Fraud Alerts (6h) | Z24: Advanced Analytics and Storytelling (Mar 2026)
A25: NT-1024 | B25: Harini Gupta | C25: harini.gupta@nimbustech.example | D25: Engineering | E25: Senior Full-Stack Developer | F25: L3 | G25: Charan Hegde | H25: 44259 | I25: 5 | J25: Bengaluru | K25: Hybrid | L25: Full-time | M25: B.E. Computer Science | N25: React (L5), JavaScript (L4), Node.js (L3) | O25: SQL (L3), Docker & Kubernetes (L3) | Q25: 4 | R25: 40 | S25: =SUMIFS(Allocations!$G$2:$G$274,Allocations!$B$2:$B$274,A25) -> 46 | T25: =S25/R25 -> 1.15 | U25: =R25-S25 -> -6 | V25: =IF(T25>1,"Overloaded",IF(T25<0.5,"Underutilized","Healthy")) -> Overloaded | W25: Logistics Fleet Tracker App (30h); Hospital Appointment Portal (10h); Cloud Migration - Legacy ERP (6h) | Z25: Advanced Analytics and Storytelling (Aug 2026)
A26: NT-1025 | B26: Venkat Kulkarni | C26: venkat.kulkarni@nimbustech.example | D26: Engineering | E26: Frontend Developer | F26: L2 | G26: Charan Hegde | H26: 45025 | I26: 3 | J26: Bengaluru | K26: Hybrid | L26: Full-time | M26: B.E. Computer Science | N26: React (L5), JavaScript (L4), UI/UX Design (L2) | O26: Testing & QA (L2) | Q26: 4 | R26: 40 | S26: =SUMIFS(Allocations!$G$2:$G$274,Allocations!$B$2:$B$274,A26) -> 26 | T26: =S26/R26 -> 0.65 | U26: =R26-S26 -> 14 | V26: =IF(T26>1,"Overloaded",IF(T26<0.5,"Underutilized","Healthy")) -> Healthy | W26: Logistics Fleet Tracker App (18h); Hospital Appointment Portal (8h) | Z26: Design Systems for Product Teams (Feb 2026)
A27: NT-1026 | B27: Gautham Iyer | C27: gautham.iyer@nimbustech.example | D27: AI Lab | E27: Associate ML Engineer | F27: L1 | G27: Mohan Iyer | H27: 45548 | I27: 2 | J27: Bengaluru | K27: Onsite | L27: Full-time | M27: M.Tech Computer Science | N27: Python (L5), Machine Learning (L4), Cloud Computing (AWS/Azure) (L4) | O27: Data Analytics (L4), Docker & Kubernetes (L2), JavaScript (L2) | P27: Databricks ML Associate; AWS Certified Solutions Architect - Associate; Google Data Analytics Certificate | Q27: 5 | R27: 40 | S27: =SUMIFS(Allocations!$G$2:$G$274,Allocations!$B$2:$B$274,A27) -> 44 | T27: =S27/R27 -> 1.1 | U27: =R27-S27 -> -4 | V27: =IF(T27>1,"Overloaded",IF(T27<0.5,"Underutilized","Healthy")) -> Overloaded | W27: Retail Demand Forecasting (4h); Fintech Fraud Alerts (6h); Logistics Fleet Tracker App (34h) | Z27: Advanced SQL for Analysts (Apr 2026)
A28: NT-1027 | B28: Venkat Reddy | C28: venkat.reddy@nimbustech.example | D28: Engineering | E28: Associate Frontend Developer | F28: L1 | G28: Charan Hegde | H28: 45328 | I28: 2 | J28: Chennai | K28: Onsite | L28: Full-time | M28: B.Sc Computer Science | N28: React (L5), UI/UX Design (L4), Testing & QA (L4) | O28: JavaScript (L3) | P28: ISTQB Foundation Level | Q28: 3 | R28: 40 | S28: =SUMIFS(Allocations!$G$2:$G$274,Allocations!$B$2:$B$274,A28) -> 24 | T28: =S28/R28 -> 0.6 | U28: =R28-S28 -> 16 | V28: =IF(T28>1,"Overloaded",IF(T28<0.5,"Underutilized","Healthy")) -> Healthy | W28: Hospital Appointment Portal (19h); Logistics Fleet Tracker App (5h) | X28: 46341 | Y28: 46346 | Z28: Advanced Analytics and Storytelling (Sep 2026)
A29: NT-1028 | B29: Vikram Nair | C29: vikram.nair@nimbustech.example | D29: Engineering | E29: Lead Frontend Developer | F29: L4 | G29: Charan Hegde | H29: 44087 | I29: 9 | J29: Hyderabad | K29: Hybrid | L29: Contract | M29: B.E. Computer Science | N29: JavaScript (L5), React (L5), Testing & QA (L3) | O29: UI/UX Design (L2), SQL (L1) | Q29: 5 | R29: 40 | S29: =SUMIFS(Allocations!$G$2:$G$274,Allocations!$B$2:$B$274,A29) -> 36 | T29: =S29/R29 -> 0.9 | U29: =R29-S29 -> 4 | V29: =IF(T29>1,"Overloaded",IF(T29<0.5,"Underutilized","Healthy")) -> Healthy | W29: Hospital Appointment Portal (5h); Logistics Fleet Tracker App (31h)
A30: NT-1029 | B30: Anjali Reddy | C30: anjali.reddy@nimbustech.example | D30: Engineering | E30: Senior Backend Engineer | F30: L3 | G30: Charan Hegde | H30: 44700 | I30: 5 | J30: Bengaluru | K30: Hybrid | L30: Full-time | M30: MCA | N30: SQL (L5), Node.js (L4), Docker & Kubernetes (L4) | O30: Python (L3), Cloud Computing (AWS/Azure) (L3), Testing & QA (L3), Data Analytics (L1) | P30: Oracle SQL Associate; Certified Kubernetes Administrator (CKA) | Q30: 3 | R30: 40 | S30: =SUMIFS(Allocations!$G$2:$G$274,Allocations!$B$2:$B$274,A30) -> 32 | T30: =S30/R30 -> 0.8 | U30: =R30-S30 -> 8 | V30: =IF(T30>1,"Overloaded",IF(T30<0.5,"Underutilized","Healthy")) -> Healthy | W30: Hospital Appointment Portal (12h); Logistics Fleet Tracker App (20h) | Z30: Apache Spark Essentials for Data Engineers (Feb 2026)
A31: NT-1030 | B31: Farhan Shenoy | C31: farhan.shenoy@nimbustech.example | D31: Engineering | E31: Senior Full-Stack Developer | F31: L3 | G31: Charan Hegde | H31: 44465 | I31: 7 | J31: Bengaluru | K31: Onsite | L31: Full-time | M31: B.E. Information Science | N31: JavaScript (L4), React (L4), SQL (L4) | O31: Node.js (L3), Data Analytics (L2), Docker & Kubernetes (L1) | Q31: 5 | R31: 40 | S31: =SUMIFS(Allocations!$G$2:$G$274,Allocations!$B$2:$B$274,A31) -> 36 | T31: =S31/R31 -> 0.9 | U31: =R31-S31 -> 4 | V31: =IF(T31>1,"Overloaded",IF(T31<0.5,"Underutilized","Healthy")) -> Healthy | W31: Logistics Fleet Tracker App (26h); Hospital Appointment Portal (10h) | Z31: Spark Performance Tuning (Jul 2026)
A32: NT-1031 | B32: Divya Kulkarni | C32: divya.kulkarni@nimbustech.example | D32: Engineering | E32: Lead Full-Stack Developer | F32: L4 | G32: Charan Hegde | H32: 45558 | I32: 9 | J32: Bengaluru | K32: Onsite | L32: Full-time | M32: B.Sc Computer Science | N32: JavaScript (L5), React (L4), Node.js (L3) | O32: SQL (L2), Docker & Kubernetes (L2), Machine Learning (L2) | Q32: 2 | R32: 40 | S32: =SUMIFS(Allocations!$G$2:$G$274,Allocations!$B$2:$B$274,A32) -> 24 | T32: =S32/R32 -> 0.6 | U32: =R32-S32 -> 16 | V32: =IF(T32>1,"Overloaded",IF(T32<0.5,"Underutilized","Healthy")) -> Healthy | W32: Logistics Fleet Tracker App (17h); Hospital Appointment Portal (7h) | X32: 46344 | Y32: 46348 | Z32: Apache Spark Essentials for Data Engineers (May 2026)
A33: NT-1032 | B33: Ritika Sheikh | C33: ritika.sheikh@nimbustech.example | D33: Quality Assurance | E33: QA Engineer | F33: L2 | G33: Aarav Teja | H33: 44968 | I33: 3 | J33: Bengaluru | K33: Hybrid | L33: Full-time | M33: B.E. Electronics & Communication | N33: Testing & QA (L5), JavaScript (L3), SQL (L2) | P33: ISTQB Foundation Level | Q33: 4 | R33: 40 | S33: =SUMIFS(Allocations!$G$2:$G$274,Allocations!$B$2:$B$274,A33) -> 36 | T33: =S33/R33 -> 0.9 | U33: =R33-S33 -> 4 | V33: =IF(T33>1,"Overloaded",IF(T33<0.5,"Underutilized","Healthy")) -> Healthy | W33: Hospital Appointment Portal (6h); Logistics Fleet Tracker App (16h); Retail Demand Forecasting (14h) | Z33: CI/CD Pipelines with GitHub Actions (Dec 2025)
A34: NT-1033 | B34: Meera Bhandari | C34: meera.bhandari@nimbustech.example | D34: Delivery | E34: Director - Project Manager | F34: L5 | G34: Rajesh Khanna (VP Delivery) | H34: 44273 | I34: 14 | J34: Bengaluru | K34: Hybrid | L34: Contract | M34: B.E. Electronics & Communication | N34: Project Management (L5), Power BI / Tableau (L3), Data Analytics (L1) | Q34: 5 | R34: 40 | S34: =SUMIFS(Allocations!$G$2:$G$274,Allocations!$B$2:$B$274,A34) -> 36 | T34: =S34/R34 -> 0.9 | U34: =R34-S34 -> 4 | V34: =IF(T34>1,"Overloaded",IF(T34<0.5,"Underutilized","Healthy")) -> Healthy | W34: HR Analytics Dashboard (13h); Logistics Fleet Tracker App (18h); Retail Demand Forecasting (5h) | Z34: Kubernetes in Practice (Jun 2026)
A35: NT-1034 | B35: Venkat Prasad | C35: venkat.prasad@nimbustech.example | D35: Platform | E35: Lead DevOps Engineer | F35: L4 | G35: Pooja Narayan | H35: 44075 | I35: 9 | J35: Bengaluru | K35: Hybrid | L35: Full-time | M35: B.E. Computer Science | N35: DevOps & CI/CD (L5), Cloud Computing (AWS/Azure) (L5), Docker & Kubernetes (L4) | O35: Python (L3), Cybersecurity (L3), Testing & QA (L1) | Q35: 3 | R35: 40 | S35: =SUMIFS(Allocations!$G$2:$G$274,Allocations!$B$2:$B$274,A35) -> 28 | T35: =S35/R35 -> 0.7 | U35: =R35-S35 -> 12 | V35: =IF(T35>1,"Overloaded",IF(T35<0.5,"Underutilized","Healthy")) -> Healthy | W35: Cloud Migration - Legacy ERP (5h); Fintech Fraud Alerts (19h); Retail Demand Forecasting (4h) | Z35: Advanced Analytics and Storytelling (Jul 2026)
A36: NT-1035 | B36: Meera Iyer | C36: meera.iyer@nimbustech.example | D36: Data & Analytics | E36: Senior Data Analyst | F36: L3 | G36: Charan Jain | H36: 45061 | I36: 6 | J36: Bengaluru | K36: Onsite | L36: Full-time | M36: B.E. Information Science | N36: SQL (L5), Power BI / Tableau (L5), Data Analytics (L4) | O36: Python (L3) | P36: Oracle SQL Associate | Q36: 4 | R36: 40 | S36: =SUMIFS(Allocations!$G$2:$G$274,Allocations!$B$2:$B$274,A36) -> 22 | T36: =S36/R36 -> 0.55 | U36: =R36-S36 -> 18 | V36: =IF(T36>1,"Overloaded",IF(T36<0.5,"Underutilized","Healthy")) -> Healthy | W36: HR Analytics Dashboard (22h) | Z36: Python Fundamentals Bootcamp (Mar 2026)
A37: NT-1036 | B37: Eshwar Reddy | C37: eshwar.reddy@nimbustech.example | D37: Design | E37: Lead UI/UX Designer | F37: L4 | G37: Priya Teja | H37: 43937 | I37: 10 | J37: Bengaluru | K37: Onsite | L37: Full-time | M37: B.E. Computer Science | N37: UI/UX Design (L5), React (L2), JavaScript (L1) | O37: Machine Learning (L1) | Q37: 5 | R37: 40 | S37: =SUMIFS(Allocations!$G$2:$G$274,Allocations!$B$2:$B$274,A37) -> 36 | T37: =S37/R37 -> 0.9 | U37: =R37-S37 -> 4 | V37: =IF(T37>1,"Overloaded",IF(T37<0.5,"Underutilized","Healthy")) -> Healthy | W37: Hospital Appointment Portal (19h); Logistics Fleet Tracker App (17h) | Z37: Cloud Solutions Architect Prep (Jul 2026)
A38: NT-1037 | B38: Eshwar Rajan | C38: eshwar.rajan@nimbustech.example | D38: Platform | E38: DevOps Engineer | F38: L2 | G38: Pooja Narayan | H38: 44917 | I38: 3 | J38: Bengaluru | K38: Onsite | L38: Full-time | M38: B.E. Information Science | N38: DevOps & CI/CD (L5), Cloud Computing (AWS/Azure) (L5), Python (L4) | O38: Docker & Kubernetes (L3), Cybersecurity (L3) | P38: HashiCorp Terraform Associate | Q38: 3 | R38: 40 | S38: =SUMIFS(Allocations!$G$2:$G$274,Allocations!$B$2:$B$274,A38) -> 30 | T38: =S38/R38 -> 0.75 | U38: =R38-S38 -> 10 | V38: =IF(T38>1,"Overloaded",IF(T38<0.5,"Underutilized","Healthy")) -> Healthy | W38: Cloud Migration - Legacy ERP (16h); Fintech Fraud Alerts (14h) | Z38: Modern React Patterns (Jun 2026)
A39: NT-1038 | B39: Pranav Bhat | C39: pranav.bhat@nimbustech.example | D39: Platform | E39: DevOps Engineer | F39: L2 | G39: Pooja Narayan | H39: 45719 | I39: 3 | J39: Chennai | K39: Hybrid | L39: Full-time | M39: MCA | N39: DevOps & CI/CD (L5), Docker & Kubernetes (L5), Cloud Computing (AWS/Azure) (L5) | O39: Python (L2), Cybersecurity (L2), Machine Learning (L2) | P39: AWS Certified Solutions Architect - Associate | Q39: 5 | R39: 40 | S39: =SUMIFS(Allocations!$G$2:$G$274,Allocations!$B$2:$B$274,A39) -> 32 | T39: =S39/R39 -> 0.8 | U39: =R39-S39 -> 8 | V39: =IF(T39>1,"Overloaded",IF(T39<0.5,"Underutilized","Healthy")) -> Healthy | W39: Cloud Migration - Legacy ERP (24h); Logistics Fleet Tracker App (8h) | Z39: Cloud Architecture Essentials (AWS/Azure) (Apr 2026)
A40: NT-1039 | B40: Sowmya Kamath | C40: sowmya.kamath@nimbustech.example | D40: Delivery | E40: Director - Project Manager | F40: L5 | G40: Meera Bhandari | H40: 45467 | I40: 14 | J40: Bengaluru | K40: Remote | L40: Full-time | M40: B.Sc Computer Science | N40: Project Management (L4), Power BI / Tableau (L3), DevOps & CI/CD (L2) | O40: Data Analytics (L1) | P40: Certified ScrumMaster (CSM) | Q40: 3 | R40: 40 | S40: =SUMIFS(Allocations!$G$2:$G$274,Allocations!$B$2:$B$274,A40) -> 36 | T40: =S40/R40 -> 0.9 | U40: =R40-S40 -> 4 | V40: =IF(T40>1,"Overloaded",IF(T40<0.5,"Underutilized","Healthy")) -> Healthy | W40: HR Analytics Dashboard (31h); Fintech Fraud Alerts (5h) | Z40: Agile Delivery and Risk Management (May 2026)
A41: NT-1040 | B41: Ramesh Mehta | C41: ramesh.mehta@nimbustech.example | D41: Engineering | E41: Lead Backend Engineer | F41: L4 | G41: Charan Hegde | H41: 44293 | I41: 8 | J41: Hyderabad | K41: Hybrid | L41: Full-time | M41: B.E. Computer Science | N41: Python (L5), SQL (L4), Node.js (L3) | O41: Docker & Kubernetes (L3), Cloud Computing (AWS/Azure) (L3), Testing & QA (L2), DevOps & CI/CD (L2) | P41: PCEP - Certified Entry-Level Python Programmer; Oracle SQL Associate | Q41: 3 | R41: 40 | S41: =SUMIFS(Allocations!$G$2:$G$274,Allocations!$B$2:$B$274,A41) -> 12 | T41: =S41/R41 -> 0.3 | U41: =R41-S41 -> 28 | V41: =IF(T41>1,"Overloaded",IF(T41<0.5,"Underutilized","Healthy")) -> Underutilized | W41: Retail Demand Forecasting (12h) | Z41: Kubernetes in Practice (Feb 2026)
A42: NT-1041 | B42: Varun Nair | C42: varun.nair@nimbustech.example | D42: Engineering | E42: Principal Frontend Developer | F42: L5 | G42: Charan Hegde | H42: 44316 | I42: 12 | J42: Bengaluru | K42: Onsite | L42: Contract | M42: B.Tech Information Technology | N42: React (L5), JavaScript (L4), UI/UX Design (L4) | O42: Testing & QA (L3) | Q42: 4 | R42: 40 | S42: =SUMIFS(Allocations!$G$2:$G$274,Allocations!$B$2:$B$274,A42) -> 28 | T42: =S42/R42 -> 0.7 | U42: =R42-S42 -> 12 | V42: =IF(T42>1,"Overloaded",IF(T42<0.5,"Underutilized","Healthy")) -> Healthy | W42: Hospital Appointment Portal (4h); Logistics Fleet Tracker App (13h); HR Analytics Dashboard (11h) | Z42: Cloud Architecture Essentials (AWS/Azure) (Feb 2026)
A43: NT-1042 | B43: Vikram Hegde | C43: vikram.hegde@nimbustech.example | D43: Platform | E43: Senior Cloud Engineer | F43: L3 | G43: Pooja Narayan | H43: 44325 | I43: 5 | J43: Bengaluru | K43: Onsite | L43: Full-time | M43: B.Tech Information Technology | N43: Cloud Computing (AWS/Azure) (L4), Docker & Kubernetes (L4), Python (L3) | O43: DevOps & CI/CD (L3) | Q43: 5 | R43: 40 | S43: =SUMIFS(Allocations!$G$2:$G$274,Allocations!$B$2:$B$274,A43) -> 14 | T43: =S43/R43 -> 0.35 | U43: =R43-S43 -> 26 | V43: =IF(T43>1,"Overloaded",IF(T43<0.5,"Underutilized","Healthy")) -> Underutilized | W43: Logistics Fleet Tracker App (14h) | Z43: Spark Performance Tuning (Jul 2026)
A44: NT-1043 | B44: Arjun Shenoy | C44: arjun.shenoy@nimbustech.example | D44: Engineering | E44: Principal Backend Engineer | F44: L5 | G44: Charan Hegde | H44: 43822 | I44: 12 | J44: Bengaluru | K44: Hybrid | L44: Full-time | M44: B.E. Information Science | N44: Python (L3), SQL (L3), Cloud Computing (AWS/Azure) (L3) | O44: Node.js (L2), Docker & Kubernetes (L2), Testing & QA (L2) | Q44: 3 | R44: 40 | S44: =SUMIFS(Allocations!$G$2:$G$274,Allocations!$B$2:$B$274,A44) -> 36 | T44: =S44/R44 -> 0.9 | U44: =R44-S44 -> 4 | V44: =IF(T44>1,"Overloaded",IF(T44<0.5,"Underutilized","Healthy")) -> Healthy | W44: Retail Demand Forecasting (7h); Hospital Appointment Portal (11h); Logistics Fleet Tracker App (18h) | Z44: Power BI Dashboard Design (Nov 2025)
A45: NT-1044 | B45: Naveen Nambiar | C45: naveen.nambiar@nimbustech.example | D45: Engineering | E45: Associate Frontend Developer | F45: L1 | G45: Charan Hegde | H45: 45375 | I45: 2 | J45: Bengaluru | K45: Onsite | L45: Full-time | M45: MCA | N45: React (L5), JavaScript (L4), UI/UX Design (L2) | O45: Testing & QA (L2) | Q45: 4 | R45: 40 | S45: =SUMIFS(Allocations!$G$2:$G$274,Allocations!$B$2:$B$274,A45) -> 26 | T45: =S45/R45 -> 0.65 | U45: =R45-S45 -> 14 | V45: =IF(T45>1,"Overloaded",IF(T45<0.5,"Underutilized","Healthy")) -> Healthy | W45: Hospital Appointment Portal (13h); Logistics Fleet Tracker App (13h) | Z45: Advanced SQL for Analysts (Sep 2026)
A46: NT-1045 | B46: Lohith Nambiar | C46: lohith.nambiar@nimbustech.example | D46: Data & Analytics | E46: Senior Data Analyst | F46: L3 | G46: Charan Jain | H46: 44025 | I46: 7 | J46: Bengaluru | K46: Onsite | L46: Full-time | M46: M.Tech Computer Science | N46: Data Analytics (L5), SQL (L5), Power BI / Tableau (L4) | O46: Python (L2), Testing & QA (L1) | P46: Google Data Analytics Certificate; Microsoft Power BI Data Analyst (PL-300) | Q46: 3 | R46: 40 | S46: =SUMIFS(Allocations!$G$2:$G$274,Allocations!$B$2:$B$274,A46) -> 28 | T46: =S46/R46 -> 0.7 | U46: =R46-S46 -> 12 | V46: =IF(T46>1,"Overloaded",IF(T46<0.5,"Underutilized","Healthy")) -> Healthy | W46: HR Analytics Dashboard (20h); Retail Demand Forecasting (8h) | Z46: Data Analytics with Python and SQL (Feb 2026)
A47: NT-1046 | B47: Ishaan Dutta | C47: ishaan.dutta@nimbustech.example | D47: Platform | E47: Lead Security Engineer | F47: L4 | G47: Pooja Narayan | H47: 46118 | I47: 9 | J47: Pune | K47: Hybrid | L47: Full-time | M47: B.E. Computer Science | N47: Cybersecurity (L4), DevOps & CI/CD (L4), Cloud Computing (AWS/Azure) (L3) | O47: Python (L2) | Q47: 3 | R47: 40 | S47: =SUMIFS(Allocations!$G$2:$G$274,Allocations!$B$2:$B$274,A47) -> 26 | T47: =S47/R47 -> 0.65 | U47: =R47-S47 -> 14 | V47: =IF(T47>1,"Overloaded",IF(T47<0.5,"Underutilized","Healthy")) -> Healthy | W47: Fintech Fraud Alerts (5h); Cloud Migration - Legacy ERP (17h); Retail Demand Forecasting (4h)
A48: NT-1047 | B48: Divya Acharya | C48: divya.acharya@nimbustech.example | D48: Engineering | E48: Associate Backend Engineer | F48: L1 | G48: Charan Hegde | H48: 45812 | I48: 1 | J48: Pune | K48: Hybrid | L48: Full-time | M48: B.Tech Information Technology | N48: Python (L4), Docker & Kubernetes (L4), SQL (L3) | O48: Node.js (L3), Cloud Computing (AWS/Azure) (L3), Testing & QA (L2), Cybersecurity (L1) | Q48: 4 | R48: 40 | S48: =SUMIFS(Allocations!$G$2:$G$274,Allocations!$B$2:$B$274,A48) -> 34 | T48: =S48/R48 -> 0.85 | U48: =R48-S48 -> 6 | V48: =IF(T48>1,"Overloaded",IF(T48<0.5,"Underutilized","Healthy")) -> Healthy | W48: Retail Demand Forecasting (5h); Logistics Fleet Tracker App (13h); Hospital Appointment Portal (16h) | Z48: Apache Spark Essentials for Data Engineers (Jul 2026)
A49: NT-1048 | B49: Gagana Ali | C49: gagana.ali@nimbustech.example | D49: Platform | E49: Senior Cloud Engineer | F49: L3 | G49: Pooja Narayan | H49: 44742 | I49: 5 | J49: Bengaluru | K49: Hybrid | L49: Full-time | M49: B.E. Information Science | N49: Cloud Computing (AWS/Azure) (L5), DevOps & CI/CD (L5), Docker & Kubernetes (L3) | O49: Python (L2), Cybersecurity (L2) | P49: AWS Certified Solutions Architect - Associate | Q49: 3 | R49: 40 | S49: =SUMIFS(Allocations!$G$2:$G$274,Allocations!$B$2:$B$274,A49) -> 26 | T49: =S49/R49 -> 0.65 | U49: =R49-S49 -> 14 | V49: =IF(T49>1,"Overloaded",IF(T49<0.5,"Underutilized","Healthy")) -> Healthy | W49: Cloud Migration - Legacy ERP (12h); Retail Demand Forecasting (14h)
A50: NT-1049 | B50: Swathi Dutta | C50: swathi.dutta@nimbustech.example | D50: Platform | E50: DevOps Engineer | F50: L2 | G50: Pooja Narayan | H50: 44942 | I50: 4 | J50: Bengaluru | K50: Hybrid | L50: Full-time | M50: B.Sc Computer Science | N50: DevOps & CI/CD (L4), Docker & Kubernetes (L4), Cloud Computing (AWS/Azure) (L3) | O50: Python (L2), Cybersecurity (L2), Project Management (L2) | P50: Certified Kubernetes Administrator (CKA) | Q50: 5 | R50: 40 | S50: =SUMIFS(Allocations!$G$2:$G$274,Allocations!$B$2:$B$274,A50) -> 36 | T50: =S50/R50 -> 0.9 | U50: =R50-S50 -> 4 | V50: =IF(T50>1,"Overloaded",IF(T50<0.5,"Underutilized","Healthy")) -> Healthy | W50: Cloud Migration - Legacy ERP (7h); Logistics Fleet Tracker App (7h); Fintech Fraud Alerts (22h)
A51: NT-1050 | B51: Nandini Rao | C51: nandini.rao@nimbustech.example | D51: Data & Analytics | E51: Data Scientist | F51: L2 | G51: Charan Jain | H51: 45065 | I51: 4 | J51: Mumbai | K51: Onsite | L51: Full-time | M51: B.E. Electronics & Communication | N51: Python (L5), Machine Learning (L5), SQL (L4) | O51: Data Analytics (L3) | P51: PCEP - Certified Entry-Level Python Programmer; Databricks ML Associate; Oracle SQL Associate | Q51: 4 | R51: 40 | S51: =SUMIFS(Allocations!$G$2:$G$274,Allocations!$B$2:$B$274,A51) -> 24 | T51: =S51/R51 -> 0.6 | U51: =R51-S51 -> 16 | V51: =IF(T51>1,"Overloaded",IF(T51<0.5,"Underutilized","Healthy")) -> Healthy | W51: Retail Demand Forecasting (4h); Fintech Fraud Alerts (13h); HR Analytics Dashboard (7h)
A52: NT-1051 | B52: Meera Naik | C52: meera.naik@nimbustech.example | D52: Data & Analytics | E52: Associate Data Scientist | F52: L1 | G52: Charan Jain | H52: 45534 | I52: 2 | J52: Bengaluru | K52: Onsite | L52: Contract | M52: B.E. Computer Science | N52: Python (L5), Data Analytics (L5), Machine Learning (L3) | O52: SQL (L3), Apache Spark (L1) | P52: Google Data Analytics Certificate | Q52: 3 | R52: 40 | S52: =SUMIFS(Allocations!$G$2:$G$274,Allocations!$B$2:$B$274,A52) -> 36 | T52: =S52/R52 -> 0.9 | U52: =R52-S52 -> 4 | V52: =IF(T52>1,"Overloaded",IF(T52<0.5,"Underutilized","Healthy")) -> Healthy | W52: Retail Demand Forecasting (11h); Fintech Fraud Alerts (25h) | Z52: Python for Production Systems (Dec 2025)
A53: NT-1052 | B53: Sowmya Gowda | C53: sowmya.gowda@nimbustech.example | D53: Quality Assurance | E53: QA Engineer | F53: L2 | G53: Aarav Teja | H53: 44766 | I53: 4 | J53: Chennai | K53: Onsite | L53: Full-time | M53: B.E. Electronics & Communication | N53: Testing & QA (L5), JavaScript (L4), SQL (L3) | O53: Python (L2), Docker & Kubernetes (L1) | P53: ISTQB Foundation Level | Q53: 5 | R53: 40 | S53: =SUMIFS(Allocations!$G$2:$G$274,Allocations!$B$2:$B$274,A53) -> 28 | T53: =S53/R53 -> 0.7 | U53: =R53-S53 -> 12 | V53: =IF(T53>1,"Overloaded",IF(T53<0.5,"Underutilized","Healthy")) -> Healthy | W53: Hospital Appointment Portal (14h); Logistics Fleet Tracker App (7h); Retail Demand Forecasting (7h) | Z53: Node.js APIs at Scale (Dec 2025)
A54: NT-1053 | B54: Harini Iyer | C54: harini.iyer@nimbustech.example | D54: Delivery | E54: Senior Project Manager | F54: L3 | G54: Meera Bhandari | H54: 43864 | I54: 6 | J54: Hyderabad | K54: Onsite | L54: Full-time | M54: M.Tech Computer Science | N54: Project Management (L5), Power BI / Tableau (L3), SQL (L2) | O54: Data Analytics (L1) | P54: PMP | Q54: 2 | R54: 40 | S54: =SUMIFS(Allocations!$G$2:$G$274,Allocations!$B$2:$B$274,A54) -> 36 | T54: =S54/R54 -> 0.9 | U54: =R54-S54 -> 4 | V54: =IF(T54>1,"Overloaded",IF(T54<0.5,"Underutilized","Healthy")) -> Healthy | W54: HR Analytics Dashboard (32h); Hospital Appointment Portal (4h) | Z54: Modern React Patterns (Jul 2026)
A55: NT-1054 | B55: Aarav Iyer | C55: aarav.iyer@nimbustech.example | D55: Data & Analytics | E55: Senior Data Analyst | F55: L3 | G55: Charan Jain | H55: 45409 | I55: 5 | J55: Pune | K55: Onsite | L55: Full-time | M55: B.E. Information Science | N55: Data Analytics (L5), SQL (L5), Power BI / Tableau (L4) | O55: Python (L4), Docker & Kubernetes (L1) | P55: Microsoft Power BI Data Analyst (PL-300); PCEP - Certified Entry-Level Python Programmer | Q55: 3 | R55: 40 | S55: =SUMIFS(Allocations!$G$2:$G$274,Allocations!$B$2:$B$274,A55) -> 30 | T55: =S55/R55 -> 0.75 | U55: =R55-S55 -> 10 | V55: =IF(T55>1,"Overloaded",IF(T55<0.5,"Underutilized","Healthy")) -> Healthy | W55: HR Analytics Dashboard (13h); Retail Demand Forecasting (17h) | Z55: Data Analytics with Python and SQL (May 2026)
A56: NT-1055 | B56: Ananya Dutta | C56: ananya.dutta@nimbustech.example | D56: Platform | E56: Cloud Engineer | F56: L2 | G56: Pooja Narayan | H56: 44993 | I56: 3 | J56: Bengaluru | K56: Hybrid | L56: Full-time | M56: B.E. Electronics & Communication | N56: DevOps & CI/CD (L4), Cloud Computing (AWS/Azure) (L3), Docker & Kubernetes (L3) | O56: Python (L3), Cybersecurity (L2) | P56: Certified Kubernetes Administrator (CKA) | Q56: 4 | R56: 40 | S56: =SUMIFS(Allocations!$G$2:$G$274,Allocations!$B$2:$B$274,A56) -> 34 | T56: =S56/R56 -> 0.85 | U56: =R56-S56 -> 6 | V56: =IF(T56>1,"Overloaded",IF(T56<0.5,"Underutilized","Healthy")) -> Healthy | W56: Cloud Migration - Legacy ERP (8h); Fintech Fraud Alerts (12h); Logistics Fleet Tracker App (14h) | Z56: Cloud Solutions Architect Prep (May 2026)
A57: NT-1056 | B57: Sanjay Kamath | C57: sanjay.kamath@nimbustech.example | D57: Data & Analytics | E57: Data Analyst | F57: L2 | G57: Charan Jain | H57: 44995 | I57: 3 | J57: Pune | K57: Onsite | L57: Full-time | M57: M.Tech Computer Science | N57: SQL (L5), Data Analytics (L4), Power BI / Tableau (L3) | O57: Python (L3), Machine Learning (L1) | Q57: 4 | R57: 40 | S57: =SUMIFS(Allocations!$G$2:$G$274,Allocations!$B$2:$B$274,A57) -> 24 | T57: =S57/R57 -> 0.6 | U57: =R57-S57 -> 16 | V57: =IF(T57>1,"Overloaded",IF(T57<0.5,"Underutilized","Healthy")) -> Healthy | W57: HR Analytics Dashboard (18h); Retail Demand Forecasting (6h) | Z57: Secure Cloud Engineering (May 2026)
A58: NT-1057 | B58: Pooja Desai | C58: pooja.desai@nimbustech.example | D58: Platform | E58: Associate Security Engineer | F58: L1 | G58: Pooja Narayan | H58: 45741 | I58: 1 | J58: Bengaluru | K58: Remote | L58: Full-time | M58: M.Tech Computer Science | N58: Cybersecurity (L4), Cloud Computing (AWS/Azure) (L4), Python (L4) | O58: DevOps & CI/CD (L3), React (L2) | P58: PCEP - Certified Entry-Level Python Programmer | Q58: 5 | R58: 40 | S58: =SUMIFS(Allocations!$G$2:$G$274,Allocations!$B$2:$B$274,A58) -> 32 | T58: =S58/R58 -> 0.8 | U58: =R58-S58 -> 8 | V58: =IF(T58>1,"Overloaded",IF(T58<0.5,"Underutilized","Healthy")) -> Healthy | W58: Cloud Migration - Legacy ERP (15h); Fintech Fraud Alerts (12h); Retail Demand Forecasting (5h) | Z58: Node.js APIs at Scale (Feb 2026)
A59: NT-1058 | B59: Sneha Bansal | C59: sneha.bansal@nimbustech.example | D59: Engineering | E59: Senior Frontend Developer | F59: L3 | G59: Charan Hegde | H59: 45478 | I59: 5 | J59: Bengaluru | K59: Hybrid | L59: Full-time | M59: M.Tech Computer Science | N59: React (L5), UI/UX Design (L4), JavaScript (L3) | O59: Testing & QA (L2), Machine Learning (L1) | Q59: 3 | R59: 32 | S59: =SUMIFS(Allocations!$G$2:$G$274,Allocations!$B$2:$B$274,A59) -> 21 | T59: =S59/R59 -> 0.65625 | U59: =R59-S59 -> 11 | V59: =IF(T59>1,"Overloaded",IF(T59<0.5,"Underutilized","Healthy")) -> Healthy | W59: Hospital Appointment Portal (4h); Logistics Fleet Tracker App (8h); Fintech Fraud Alerts (9h) | Z59: TypeScript for JavaScript Developers (Mar 2026)
A60: NT-1059 | B60: Vikram Gupta | C60: vikram.gupta@nimbustech.example | D60: Engineering | E60: Associate Full-Stack Developer | F60: L1 | G60: Charan Hegde | H60: 46181 | I60: 2 | J60: Bengaluru | K60: Remote | L60: Full-time | M60: M.Tech Computer Science | N60: Node.js (L5), JavaScript (L4), React (L4) | O60: SQL (L4), Docker & Kubernetes (L2), Cloud Computing (AWS/Azure) (L2) | P60: Oracle SQL Associate | Q60: 3 | R60: 40 | S60: =SUMIFS(Allocations!$G$2:$G$274,Allocations!$B$2:$B$274,A60) -> 36 | T60: =S60/R60 -> 0.9 | U60: =R60-S60 -> 4 | V60: =IF(T60>1,"Overloaded",IF(T60<0.5,"Underutilized","Healthy")) -> Healthy | W60: Logistics Fleet Tracker App (31h); Hospital Appointment Portal (5h) | Z60: Python Fundamentals Bootcamp (Sep 2026)
A61: NT-1060 | B61: Mahesh Dutta | C61: mahesh.dutta@nimbustech.example | D61: Engineering | E61: Senior Full-Stack Developer | F61: L3 | G61: Charan Hegde | H61: 45847 | I61: 5 | J61: Chennai | K61: Hybrid | L61: Full-time | M61: B.Sc Computer Science | N61: JavaScript (L5), Node.js (L5), React (L4) | O61: SQL (L4), Docker & Kubernetes (L2) | Q61: 4 | R61: 40 | S61: =SUMIFS(Allocations!$G$2:$G$274,Allocations!$B$2:$B$274,A61) -> 36 | T61: =S61/R61 -> 0.9 | U61: =R61-S61 -> 4 | V61: =IF(T61>1,"Overloaded",IF(T61<0.5,"Underutilized","Healthy")) -> Healthy | W61: Logistics Fleet Tracker App (5h); Hospital Appointment Portal (31h) | Z61: Design Systems for Product Teams (Jun 2026)
A62: NT-1061 | B62: Trisha Kumar | C62: trisha.kumar@nimbustech.example | D62: Engineering | E62: Senior Backend Engineer | F62: L3 | G62: Charan Hegde | H62: 44390 | I62: 5 | J62: Bengaluru | K62: Hybrid | L62: Full-time | M62: B.E. Electronics & Communication | N62: Python (L4), SQL (L4), Node.js (L4) | O62: Docker & Kubernetes (L3), Cloud Computing (AWS/Azure) (L3), Testing & QA (L3) | Q62: 4 | R62: 40 | S62: =SUMIFS(Allocations!$G$2:$G$274,Allocations!$B$2:$B$274,A62) -> 24 | T62: =S62/R62 -> 0.6 | U62: =R62-S62 -> 16 | V62: =IF(T62>1,"Overloaded",IF(T62<0.5,"Underutilized","Healthy")) -> Healthy | W62: Hospital Appointment Portal (11h); Retail Demand Forecasting (13h) | Z62: Advanced SQL for Analysts (Mar 2026)
A63: NT-1062 | B63: Deepak Acharya | C63: deepak.acharya@nimbustech.example | D63: Engineering | E63: Associate Backend Engineer | F63: L1 | G63: Charan Hegde | H63: 45309 | I63: 2 | J63: Bengaluru | K63: Hybrid | L63: Full-time | M63: MCA | N63: Python (L4), SQL (L4), Node.js (L4) | O63: Docker & Kubernetes (L2), Cloud Computing (AWS/Azure) (L2), Testing & QA (L2) | Q63: 3 | R63: 40 | S63: =SUMIFS(Allocations!$G$2:$G$274,Allocations!$B$2:$B$274,A63) -> 28 | T63: =S63/R63 -> 0.7 | U63: =R63-S63 -> 12 | V63: =IF(T63>1,"Overloaded",IF(T63<0.5,"Underutilized","Healthy")) -> Healthy | W63: Hospital Appointment Portal (12h); Retail Demand Forecasting (16h) | X63: 46331 | Y63: 46335 | Z63: Python for Production Systems (Sep 2026)
A64: NT-1063 | B64: Bhavana Hiremath | C64: bhavana.hiremath@nimbustech.example | D64: Engineering | E64: Senior Full-Stack Developer | F64: L3 | G64: Charan Hegde | H64: 43709 | I64: 7 | J64: Bengaluru | K64: Onsite | L64: Full-time | M64: M.Tech Computer Science | N64: JavaScript (L5), React (L4), Node.js (L4) | O64: SQL (L3), Docker & Kubernetes (L2) | Q64: 4 | R64: 40 | S64: =SUMIFS(Allocations!$G$2:$G$274,Allocations!$B$2:$B$274,A64) -> 36 | T64: =S64/R64 -> 0.9 | U64: =R64-S64 -> 4 | V64: =IF(T64>1,"Overloaded",IF(T64<0.5,"Underutilized","Healthy")) -> Healthy | W64: Logistics Fleet Tracker App (11h); Hospital Appointment Portal (25h)
A65: NT-1064 | B65: Pooja Tiwari | C65: pooja.tiwari@nimbustech.example | D65: Engineering | E65: Associate Backend Engineer | F65: L1 | G65: Charan Hegde | H65: 45325 | I65: 2 | J65: Hyderabad | K65: Hybrid | L65: Full-time | M65: B.Sc Computer Science | N65: SQL (L4), Node.js (L4), Python (L3) | O65: Docker & Kubernetes (L3), Cloud Computing (AWS/Azure) (L3), DevOps & CI/CD (L2), Testing & QA (L1) | P65: Oracle SQL Associate | Q65: 3 | R65: 40 | S65: =SUMIFS(Allocations!$G$2:$G$274,Allocations!$B$2:$B$274,A65) -> 32 | T65: =S65/R65 -> 0.8 | U65: =R65-S65 -> 8 | V65: =IF(T65>1,"Overloaded",IF(T65<0.5,"Underutilized","Healthy")) -> Healthy | W65: Logistics Fleet Tracker App (9h); Hospital Appointment Portal (7h); Retail Demand Forecasting (16h) | Z65: Advanced Analytics and Storytelling (Apr 2026)
A66: NT-1065 | B66: Nandini Dutta | C66: nandini.dutta@nimbustech.example | D66: Platform | E66: Associate Cloud Engineer | F66: L1 | G66: Pooja Narayan | H66: 45698 | I66: 1 | J66: Pune | K66: Onsite | L66: Full-time | M66: B.Sc Computer Science | N66: DevOps & CI/CD (L4), Docker & Kubernetes (L4), Cloud Computing (AWS/Azure) (L3) | O66: Python (L2), Power BI / Tableau (L1) | Q66: 4 | R66: 40 | S66: =SUMIFS(Allocations!$G$2:$G$274,Allocations!$B$2:$B$274,A66) -> 32 | T66: =S66/R66 -> 0.8 | U66: =R66-S66 -> 8 | V66: =IF(T66>1,"Overloaded",IF(T66<0.5,"Underutilized","Healthy")) -> Healthy | W66: Cloud Migration - Legacy ERP (18h); Logistics Fleet Tracker App (14h) | Z66: Python Fundamentals Bootcamp (Jun 2026)
A67: NT-1066 | B67: Omkar Jain | C67: omkar.jain@nimbustech.example | D67: Design | E67: Senior UI/UX Designer | F67: L3 | G67: Priya Teja | H67: 44669 | I67: 5 | J67: Bengaluru | K67: Remote | L67: Full-time | M67: B.Tech Information Technology | N67: UI/UX Design (L5), React (L2), JavaScript (L1) | Q67: 5 | R67: 40 | S67: =SUMIFS(Allocations!$G$2:$G$274,Allocations!$B$2:$B$274,A67) -> 34 | T67: =S67/R67 -> 0.85 | U67: =R67-S67 -> 6 | V67: =IF(T67>1,"Overloaded",IF(T67<0.5,"Underutilized","Healthy")) -> Healthy | W67: Hospital Appointment Portal (12h); Logistics Fleet Tracker App (22h) | Z67: Node.js APIs at Scale (Mar 2026)
A68: NT-1067 | B68: Karthik Nair | C68: karthik.nair@nimbustech.example | D68: Platform | E68: Principal Cloud Engineer | F68: L5 | G68: Pooja Narayan | H68: 44387 | I68: 11 | J68: Pune | K68: Remote | L68: Full-time | M68: B.E. Computer Science | N68: Cloud Computing (AWS/Azure) (L5), DevOps & CI/CD (L4), Docker & Kubernetes (L4) | O68: Python (L3), Cybersecurity (L3) | P68: Microsoft Azure Fundamentals (AZ-900); Certified Kubernetes Administrator (CKA) | Q68: 3 | R68: 40 | S68: =SUMIFS(Allocations!$G$2:$G$274,Allocations!$B$2:$B$274,A68) -> 28 | T68: =S68/R68 -> 0.7 | U68: =R68-S68 -> 12 | V68: =IF(T68>1,"Overloaded",IF(T68<0.5,"Underutilized","Healthy")) -> Healthy | W68: Cloud Migration - Legacy ERP (28h)
A69: NT-1068 | B69: Sneha Kulkarni | C69: sneha.kulkarni@nimbustech.example | D69: Engineering | E69: Backend Engineer | F69: L2 | G69: Charan Hegde | H69: 44820 | I69: 4 | J69: Pune | K69: Onsite | L69: Full-time | M69: MCA | N69: Python (L4), SQL (L4), Data Analytics (L3) | O69: Cloud Computing (AWS/Azure) (L2) | Q69: 4 | R69: 40 | S69: =SUMIFS(Allocations!$G$2:$G$274,Allocations!$B$2:$B$274,A69) -> 12 | T69: =S69/R69 -> 0.3 | U69: =R69-S69 -> 28 | V69: =IF(T69>1,"Overloaded",IF(T69<0.5,"Underutilized","Healthy")) -> Underutilized | W69: Hospital Appointment Portal (12h)
A70: NT-1069 | B70: Mohan Bhat | C70: mohan.bhat@nimbustech.example | D70: Data & Analytics | E70: Associate Data Analyst | F70: L1 | G70: Charan Jain | H70: 45529 | I70: 2 | J70: Chennai | K70: Hybrid | L70: Full-time | M70: B.Tech Information Technology | N70: Data Analytics (L5), SQL (L5), Power BI / Tableau (L3) | O70: Python (L3) | Q70: 3 | R70: 32 | S70: =SUMIFS(Allocations!$G$2:$G$274,Allocations!$B$2:$B$274,A70) -> 26 | T70: =S70/R70 -> 0.8125 | U70: =R70-S70 -> 6 | V70: =IF(T70>1,"Overloaded",IF(T70<0.5,"Underutilized","Healthy")) -> Healthy | W70: HR Analytics Dashboard (13h); Retail Demand Forecasting (13h)
A71: NT-1070 | B71: Ramesh Teja | C71: ramesh.teja@nimbustech.example | D71: Quality Assurance | E71: Senior QA Engineer | F71: L3 | G71: Aarav Teja | H71: 43826 | I71: 7 | J71: Bengaluru | K71: Onsite | L71: Full-time | M71: M.Tech Computer Science | N71: Testing & QA (L4), JavaScript (L4), SQL (L2) | O71: Python (L1) | Q71: 5 | R71: 40 | S71: =SUMIFS(Allocations!$G$2:$G$274,Allocations!$B$2:$B$274,A71) -> 28 | T71: =S71/R71 -> 0.7 | U71: =R71-S71 -> 12 | V71: =IF(T71>1,"Overloaded",IF(T71<0.5,"Underutilized","Healthy")) -> Healthy | W71: Hospital Appointment Portal (20h); Logistics Fleet Tracker App (8h) | Z71: CI/CD Pipelines with GitHub Actions (Feb 2026)
A72: NT-1071 | B72: Imran Tiwari | C72: imran.tiwari@nimbustech.example | D72: Engineering | E72: Senior Backend Engineer | F72: L3 | G72: Charan Hegde | H72: 45153 | I72: 7 | J72: Bengaluru | K72: Onsite | L72: Full-time | M72: M.Tech Computer Science | N72: Node.js (L4), Python (L3), SQL (L3) | O72: Docker & Kubernetes (L3), Cloud Computing (AWS/Azure) (L3), Testing & QA (L3), React (L1) | Q72: 4 | R72: 40 | S72: =SUMIFS(Allocations!$G$2:$G$274,Allocations!$B$2:$B$274,A72) -> 30 | T72: =S72/R72 -> 0.75 | U72: =R72-S72 -> 10 | V72: =IF(T72>1,"Overloaded",IF(T72<0.5,"Underutilized","Healthy")) -> Healthy | W72: Hospital Appointment Portal (17h); Logistics Fleet Tracker App (13h) | Z72: Data Analytics with Python and SQL (Jan 2026)
A73: NT-1072 | B73: Pooja Reddy | C73: pooja.reddy@nimbustech.example | D73: Data & Analytics | E73: Senior Data Analyst | F73: L3 | G73: Charan Jain | H73: 45537 | I73: 5 | J73: Pune | K73: Hybrid | L73: Full-time | M73: M.Tech Computer Science | N73: Data Analytics (L4), Power BI / Tableau (L4), SQL (L4) | O73: Python (L2) | P73: Google Data Analytics Certificate | Q73: 4 | R73: 40 | S73: =SUMIFS(Allocations!$G$2:$G$274,Allocations!$B$2:$B$274,A73) -> 16 | T73: =S73/R73 -> 0.4 | U73: =R73-S73 -> 24 | V73: =IF(T73>1,"Overloaded",IF(T73<0.5,"Underutilized","Healthy")) -> Underutilized | W73: HR Analytics Dashboard (16h) | Z73: Advanced SQL for Analysts (Aug 2026)
A74: NT-1073 | B74: Karthik Sharma | C74: karthik.sharma@nimbustech.example | D74: Engineering | E74: Senior Full-Stack Developer | F74: L3 | G74: Charan Hegde | H74: 45760 | I74: 5 | J74: Hyderabad | K74: Onsite | L74: Full-time | M74: B.Tech Information Technology | N74: Node.js (L5), JavaScript (L4), React (L4) | O74: Docker & Kubernetes (L3), SQL (L2), DevOps & CI/CD (L1) | Q74: 4 | R74: 40 | S74: =SUMIFS(Allocations!$G$2:$G$274,Allocations!$B$2:$B$274,A74) -> 36 | T74: =S74/R74 -> 0.9 | U74: =R74-S74 -> 4 | V74: =IF(T74>1,"Overloaded",IF(T74<0.5,"Underutilized","Healthy")) -> Healthy | W74: Logistics Fleet Tracker App (20h); Hospital Appointment Portal (7h); Cloud Migration - Legacy ERP (9h) | Z74: Advanced Analytics and Storytelling (Feb 2026)
A75: NT-1074 | B75: Nikhil Sheikh | C75: nikhil.sheikh@nimbustech.example | D75: Engineering | E75: Senior Backend Engineer | F75: L3 | G75: Charan Hegde | H75: 43610 | I75: 7 | J75: Bengaluru | K75: Hybrid | L75: Contract | M75: B.Sc Computer Science | N75: SQL (L4), Python (L3), Docker & Kubernetes (L3) | O75: Cloud Computing (AWS/Azure) (L3), Node.js (L2), Testing & QA (L2), UI/UX Design (L1) | Q75: 5 | R75: 40 | S75: =SUMIFS(Allocations!$G$2:$G$274,Allocations!$B$2:$B$274,A75) -> 28 | T75: =S75/R75 -> 0.7 | U75: =R75-S75 -> 12 | V75: =IF(T75>1,"Overloaded",IF(T75<0.5,"Underutilized","Healthy")) -> Healthy | W75: Retail Demand Forecasting (24h); Hospital Appointment Portal (4h) | Z75: Applied Machine Learning (May 2026)
A76: NT-1075 | B76: Sneha Reddy | C76: sneha.reddy@nimbustech.example | D76: Engineering | E76: Senior Full-Stack Developer | F76: L3 | G76: Charan Hegde | H76: 45096 | I76: 7 | J76: Bengaluru | K76: Hybrid | L76: Full-time | M76: B.Tech Information Technology | N76: Node.js (L5), JavaScript (L4), React (L4) | O76: SQL (L3), Docker & Kubernetes (L3) | Q76: 4 | R76: 32 | S76: =SUMIFS(Allocations!$G$2:$G$274,Allocations!$B$2:$B$274,A76) -> 24 | T76: =S76/R76 -> 0.75 | U76: =R76-S76 -> 8 | V76: =IF(T76>1,"Overloaded",IF(T76<0.5,"Underutilized","Healthy")) -> Healthy | W76: Logistics Fleet Tracker App (6h); Hospital Appointment Portal (13h); HR Analytics Dashboard (5h) | Z76: Power BI Dashboard Design (Nov 2025)
A77: NT-1076 | B77: Ramesh Dutta | C77: ramesh.dutta@nimbustech.example | D77: Platform | E77: Cloud Engineer | F77: L2 | G77: Pooja Narayan | H77: 44686 | I77: 4 | J77: Bengaluru | K77: Hybrid | L77: Full-time | M77: M.Tech Computer Science | N77: DevOps & CI/CD (L4), Cloud Computing (AWS/Azure) (L3), Docker & Kubernetes (L3) | O77: Python (L3), Cybersecurity (L2) | Q77: 3 | R77: 40 | S77: =SUMIFS(Allocations!$G$2:$G$274,Allocations!$B$2:$B$274,A77) -> 34 | T77: =S77/R77 -> 0.85 | U77: =R77-S77 -> 6 | V77: =IF(T77>1,"Overloaded",IF(T77<0.5,"Underutilized","Healthy")) -> Healthy | W77: Cloud Migration - Legacy ERP (28h); Fintech Fraud Alerts (6h) | Z77: Test Automation with Playwright (Jun 2026)
A78: NT-1077 | B78: Harsha Mishra | C78: harsha.mishra@nimbustech.example | D78: Platform | E78: Principal Cloud Engineer | F78: L5 | G78: Pooja Narayan | H78: 45419 | I78: 12 | J78: Hyderabad | K78: Hybrid | L78: Contract | M78: B.Tech Information Technology | N78: Cloud Computing (AWS/Azure) (L4), DevOps & CI/CD (L4), Python (L4) | O78: Docker & Kubernetes (L3), Cybersecurity (L1), UI/UX Design (L1) | P78: Certified Kubernetes Administrator (CKA); PCEP - Certified Entry-Level Python Programmer | Q78: 3 | R78: 40 | S78: =SUMIFS(Allocations!$G$2:$G$274,Allocations!$B$2:$B$274,A78) -> 24 | T78: =S78/R78 -> 0.6 | U78: =R78-S78 -> 16 | V78: =IF(T78>1,"Overloaded",IF(T78<0.5,"Underutilized","Healthy")) -> Healthy | W78: Cloud Migration - Legacy ERP (4h); Retail Demand Forecasting (6h); Fintech Fraud Alerts (14h) | Z78: Test Automation with Playwright (Jan 2026)
A79: NT-1078 | B79: Deepak Sharma | C79: deepak.sharma@nimbustech.example | D79: Engineering | E79: Backend Engineer | F79: L2 | G79: Charan Hegde | H79: 45026 | I79: 3 | J79: Pune | K79: Remote | L79: Full-time | M79: B.E. Computer Science | N79: Python (L4), SQL (L4), Docker & Kubernetes (L3) | O79: Cloud Computing (AWS/Azure) (L3), Testing & QA (L3), Node.js (L2), JavaScript (L1) | Q79: 3 | R79: 40 | S79: =SUMIFS(Allocations!$G$2:$G$274,Allocations!$B$2:$B$274,A79) -> 32 | T79: =S79/R79 -> 0.8 | U79: =R79-S79 -> 8 | V79: =IF(T79>1,"Overloaded",IF(T79<0.5,"Underutilized","Healthy")) -> Healthy | W79: Hospital Appointment Portal (18h); Retail Demand Forecasting (14h) | Z79: Cloud Architecture Essentials (AWS/Azure) (Nov 2025)
A80: NT-1079 | B80: Nikhil Ali | C80: nikhil.ali@nimbustech.example | D80: Data & Analytics | E80: Data Analyst | F80: L2 | G80: Charan Jain | H80: 45561 | I80: 3 | J80: Chennai | K80: Onsite | L80: Full-time | M80: B.E. Electronics & Communication | N80: Data Analytics (L5), SQL (L5), Power BI / Tableau (L5) | O80: Python (L3), Cloud Computing (AWS/Azure) (L1) | P80: Microsoft Power BI Data Analyst (PL-300) | Q80: 2 | R80: 40 | S80: =SUMIFS(Allocations!$G$2:$G$274,Allocations!$B$2:$B$274,A80) -> 12 | T80: =S80/R80 -> 0.3 | U80: =R80-S80 -> 28 | V80: =IF(T80>1,"Overloaded",IF(T80<0.5,"Underutilized","Healthy")) -> Underutilized | W80: HR Analytics Dashboard (12h) | Z80: Python Fundamentals Bootcamp (May 2026)
A81: NT-1080 | B81: Priya Teja | C81: priya.teja@nimbustech.example | D81: Design | E81: Principal UI/UX Designer | F81: L5 | G81: Rajesh Khanna (VP Delivery) | H81: 45704 | I81: 14 | J81: Bengaluru | K81: Hybrid | L81: Full-time | M81: B.E. Information Science | N81: UI/UX Design (L5), JavaScript (L3), React (L2) | Q81: 3 | R81: 40 | S81: =SUMIFS(Allocations!$G$2:$G$274,Allocations!$B$2:$B$274,A81) -> 36 | T81: =S81/R81 -> 0.9 | U81: =R81-S81 -> 4 | V81: =IF(T81>1,"Overloaded",IF(T81<0.5,"Underutilized","Healthy")) -> Healthy | W81: Hospital Appointment Portal (19h); Logistics Fleet Tracker App (17h) | Z81: Applied Machine Learning (Mar 2026)
A82: NT-1081 | B82: Lakshmi Pillai | C82: lakshmi.pillai@nimbustech.example | D82: Platform | E82: Principal Security Engineer | F82: L5 | G82: Pooja Narayan | H82: 42834 | I82: 12 | J82: Chennai | K82: Onsite | L82: Full-time | M82: B.Tech Information Technology | N82: Cybersecurity (L4), Cloud Computing (AWS/Azure) (L4), Python (L3) | O82: DevOps & CI/CD (L2), SQL (L1) | P82: Microsoft Azure Fundamentals (AZ-900) | Q82: 3 | R82: 40 | S82: =SUMIFS(Allocations!$G$2:$G$274,Allocations!$B$2:$B$274,A82) -> 30 | T82: =S82/R82 -> 0.75 | U82: =R82-S82 -> 10 | V82: =IF(T82>1,"Overloaded",IF(T82<0.5,"Underutilized","Healthy")) -> Healthy | W82: Cloud Migration - Legacy ERP (19h); Fintech Fraud Alerts (11h)
A83: NT-1082 | B83: Harini Hiremath | C83: harini.hiremath@nimbustech.example | D83: Quality Assurance | E83: Associate QA Engineer | F83: L1 | G83: Aarav Teja | H83: 45506 | I83: 2 | J83: Hyderabad | K83: Hybrid | L83: Full-time | M83: MCA | N83: Testing & QA (L5), JavaScript (L3), SQL (L3) | O83: Python (L1) | Q83: 4 | R83: 40 | S83: =SUMIFS(Allocations!$G$2:$G$274,Allocations!$B$2:$B$274,A83) -> 34 | T83: =S83/R83 -> 0.85 | U83: =R83-S83 -> 6 | V83: =IF(T83>1,"Overloaded",IF(T83<0.5,"Underutilized","Healthy")) -> Healthy | W83: Hospital Appointment Portal (4h); Retail Demand Forecasting (21h); HR Analytics Dashboard (9h)
A84: NT-1083 | B84: Kavya Menon | C84: kavya.menon@nimbustech.example | D84: Delivery | E84: Assistant Project Manager | F84: L1 | G84: Meera Bhandari | H84: 45867 | I84: 1 | J84: Chennai | K84: Hybrid | L84: Full-time | M84: B.Tech Information Technology | N84: Project Management (L5), Power BI / Tableau (L4) | P84: Microsoft Power BI Data Analyst (PL-300) | Q84: 3 | R84: 40 | S84: =SUMIFS(Allocations!$G$2:$G$274,Allocations!$B$2:$B$274,A84) -> 36 | T84: =S84/R84 -> 0.9 | U84: =R84-S84 -> 4 | V84: =IF(T84>1,"Overloaded",IF(T84<0.5,"Underutilized","Healthy")) -> Healthy | W84: HR Analytics Dashboard (18h); Cloud Migration - Legacy ERP (6h); Retail Demand Forecasting (12h) | Z84: Design Systems for Product Teams (Jan 2026)
A85: NT-1084 | B85: Gautham Singh | C85: gautham.singh@nimbustech.example | D85: Design | E85: Associate UI/UX Designer | F85: L1 | G85: Priya Teja | H85: 45572 | I85: 2 | J85: Bengaluru | K85: Hybrid | L85: Full-time | M85: B.Sc Computer Science | N85: UI/UX Design (L5), JavaScript (L2), Project Management (L2) | Q85: 5 | R85: 40 | S85: =SUMIFS(Allocations!$G$2:$G$274,Allocations!$B$2:$B$274,A85) -> 24 | T85: =S85/R85 -> 0.6 | U85: =R85-S85 -> 16 | V85: =IF(T85>1,"Overloaded",IF(T85<0.5,"Underutilized","Healthy")) -> Healthy | W85: Hospital Appointment Portal (4h); Logistics Fleet Tracker App (8h); HR Analytics Dashboard (12h) | Z85: Modern React Patterns (Jan 2026)
A86: NT-1085 | B86: Charan Sheikh | C86: charan.sheikh@nimbustech.example | D86: Data & Analytics | E86: Associate Data Scientist | F86: L1 | G86: Charan Jain | H86: 45828 | I86: 1 | J86: Bengaluru | K86: Hybrid | L86: Full-time | M86: M.Tech Computer Science | N86: Machine Learning (L5), Python (L4), Data Analytics (L4) | O86: SQL (L4), Apache Spark (L2) | P86: PCEP - Certified Entry-Level Python Programmer | Q86: 4 | R86: 40 | S86: =SUMIFS(Allocations!$G$2:$G$274,Allocations!$B$2:$B$274,A86) -> 28 | T86: =S86/R86 -> 0.7 | U86: =R86-S86 -> 12 | V86: =IF(T86>1,"Overloaded",IF(T86<0.5,"Underutilized","Healthy")) -> Healthy | W86: Retail Demand Forecasting (7h); Fintech Fraud Alerts (8h); HR Analytics Dashboard (13h) | Z86: Node.js APIs at Scale (May 2026)
A87: NT-1086 | B87: Sachin Hegde | C87: sachin.hegde@nimbustech.example | D87: Engineering | E87: Backend Engineer | F87: L2 | G87: Charan Hegde | H87: 45444 | I87: 3 | J87: Pune | K87: Hybrid | L87: Full-time | M87: B.Tech Information Technology | N87: SQL (L5), Python (L3), Docker & Kubernetes (L3) | O87: Cloud Computing (AWS/Azure) (L3), Testing & QA (L3), Node.js (L2), UI/UX Design (L2) | P87: Oracle SQL Associate | Q87: 3 | R87: 40 | S87: =SUMIFS(Allocations!$G$2:$G$274,Allocations!$B$2:$B$274,A87) -> 26 | T87: =S87/R87 -> 0.65 | U87: =R87-S87 -> 14 | V87: =IF(T87>1,"Overloaded",IF(T87<0.5,"Underutilized","Healthy")) -> Healthy | W87: Retail Demand Forecasting (8h); Hospital Appointment Portal (14h); Logistics Fleet Tracker App (4h) | Z87: Python Fundamentals Bootcamp (Jul 2026)
A88: NT-1087 | B88: Tejas Teja | C88: tejas.teja@nimbustech.example | D88: AI Lab | E88: ML Engineer | F88: L2 | G88: Mohan Iyer | H88: 46161 | I88: 3 | J88: Hyderabad | K88: Hybrid | L88: Full-time | M88: B.E. Computer Science | N88: Machine Learning (L5), Data Analytics (L4), Python (L3) | O88: Cloud Computing (AWS/Azure) (L3), Docker & Kubernetes (L3) | Q88: 3 | R88: 40 | S88: =SUMIFS(Allocations!$G$2:$G$274,Allocations!$B$2:$B$274,A88) -> 30 | T88: =S88/R88 -> 0.75 | U88: =R88-S88 -> 10 | V88: =IF(T88>1,"Overloaded",IF(T88<0.5,"Underutilized","Healthy")) -> Healthy | W88: Retail Demand Forecasting (25h); Fintech Fraud Alerts (5h) | Z88: Node.js APIs at Scale (Feb 2026)
A89: NT-1088 | B89: Aditya Mehta | C89: aditya.mehta@nimbustech.example | D89: Data & Analytics | E89: Principal Data Analyst | F89: L5 | G89: Charan Jain | H89: 46301 | I89: 12 | J89: Bengaluru | K89: Hybrid | L89: Full-time | M89: B.Tech Information Technology | N89: Data Analytics (L4), SQL (L4), Power BI / Tableau (L4) | O89: Python (L3) | P89: Google Data Analytics Certificate; Oracle SQL Associate | Q89: 3 | R89: 40 | S89: =SUMIFS(Allocations!$G$2:$G$274,Allocations!$B$2:$B$274,A89) -> 30 | T89: =S89/R89 -> 0.75 | U89: =R89-S89 -> 10 | V89: =IF(T89>1,"Overloaded",IF(T89<0.5,"Underutilized","Healthy")) -> Healthy | W89: HR Analytics Dashboard (14h); Retail Demand Forecasting (6h); Hospital Appointment Portal (10h) | Z89: Modern React Patterns (Aug 2026)
A90: NT-1089 | B90: Ritika Rajan | C90: ritika.rajan@nimbustech.example | D90: Engineering | E90: Lead Backend Engineer | F90: L4 | G90: Charan Hegde | H90: 45287 | I90: 8 | J90: Hyderabad | K90: Onsite | L90: Full-time | M90: B.E. Computer Science | N90: Python (L4), Cloud Computing (AWS/Azure) (L4), SQL (L3) | O90: Node.js (L2), Docker & Kubernetes (L2), Testing & QA (L2) | P90: AWS Certified Solutions Architect - Associate | Q90: 4 | R90: 40 | S90: =SUMIFS(Allocations!$G$2:$G$274,Allocations!$B$2:$B$274,A90) -> 26 | T90: =S90/R90 -> 0.65 | U90: =R90-S90 -> 14 | V90: =IF(T90>1,"Overloaded",IF(T90<0.5,"Underutilized","Healthy")) -> Healthy | W90: Retail Demand Forecasting (5h); Logistics Fleet Tracker App (12h); Hospital Appointment Portal (9h) | X90: 46330 | Y90: 46334 | Z90: CI/CD Pipelines with GitHub Actions (Feb 2026)
A91: NT-1090 | B91: Manoj Naik | C91: manoj.naik@nimbustech.example | D91: Engineering | E91: Associate Backend Engineer | F91: L1 | G91: Charan Hegde | H91: 45453 | I91: 2 | J91: Bengaluru | K91: Hybrid | L91: Full-time | M91: B.E. Computer Science | N91: SQL (L5), Python (L4), Docker & Kubernetes (L4) | O91: Node.js (L3), Cloud Computing (AWS/Azure) (L2), Testing & QA (L2) | P91: Certified Kubernetes Administrator (CKA) | Q91: 3 | R91: 40 | S91: =SUMIFS(Allocations!$G$2:$G$274,Allocations!$B$2:$B$274,A91) -> 24 | T91: =S91/R91 -> 0.6 | U91: =R91-S91 -> 16 | V91: =IF(T91>1,"Overloaded",IF(T91<0.5,"Underutilized","Healthy")) -> Healthy | W91: Retail Demand Forecasting (7h); Logistics Fleet Tracker App (11h); Hospital Appointment Portal (6h) | Z91: TypeScript for JavaScript Developers (Jun 2026)
A92: NT-1091 | B92: Harini Tiwari | C92: harini.tiwari@nimbustech.example | D92: Quality Assurance | E92: Associate QA Engineer | F92: L1 | G92: Aarav Teja | H92: 45444 | I92: 2 | J92: Pune | K92: Onsite | L92: Full-time | M92: B.E. Computer Science | N92: Testing & QA (L5), JavaScript (L2), SQL (L2) | O92: Python (L1) | Q92: 3 | R92: 40 | S92: =SUMIFS(Allocations!$G$2:$G$274,Allocations!$B$2:$B$274,A92) -> 24 | T92: =S92/R92 -> 0.6 | U92: =R92-S92 -> 16 | V92: =IF(T92>1,"Overloaded",IF(T92<0.5,"Underutilized","Healthy")) -> Healthy | W92: Hospital Appointment Portal (6h); Fintech Fraud Alerts (5h); Retail Demand Forecasting (13h) | Z92: Agile Delivery and Risk Management (May 2026)
A93: NT-1092 | B93: Rohan Shetty | C93: rohan.shetty@nimbustech.example | D93: Engineering | E93: Senior Backend Engineer | F93: L3 | G93: Charan Hegde | H93: 46163 | I93: 6 | J93: Hyderabad | K93: Remote | L93: Full-time | M93: B.Tech Information Technology | N93: Python (L4), SQL (L4), Cloud Computing (AWS/Azure) (L3) | O93: Node.js (L3), Docker & Kubernetes (L3) | P93: PCEP - Certified Entry-Level Python Programmer | Q93: 3 | R93: 40 | S93: =SUMIFS(Allocations!$G$2:$G$274,Allocations!$B$2:$B$274,A93) -> 52 | T93: =S93/R93 -> 1.3 | U93: =R93-S93 -> -12 | V93: =IF(T93>1,"Overloaded",IF(T93<0.5,"Underutilized","Healthy")) -> Overloaded | W93: Retail Demand Forecasting (20h); Fintech Fraud Alerts (18h); Logistics Fleet Tracker App (14h) | Z93: Cloud Solutions Architect Prep (Aug 2026)
A94: NT-1093 | B94: Keerthi Teja | C94: keerthi.teja@nimbustech.example | D94: AI Lab | E94: Associate ML Engineer | F94: L1 | G94: Mohan Iyer | H94: 45456 | I94: 2 | J94: Bengaluru | K94: Hybrid | L94: Full-time | M94: B.Tech Information Technology | N94: Python (L5), Machine Learning (L4), Data Analytics (L4) | O94: Cloud Computing (AWS/Azure) (L3), Docker & Kubernetes (L3) | P94: Google Data Analytics Certificate | Q94: 3 | R94: 40 | S94: =SUMIFS(Allocations!$G$2:$G$274,Allocations!$B$2:$B$274,A94) -> 26 | T94: =S94/R94 -> 0.65 | U94: =R94-S94 -> 14 | V94: =IF(T94>1,"Overloaded",IF(T94<0.5,"Underutilized","Healthy")) -> Healthy | W94: Retail Demand Forecasting (11h); Fintech Fraud Alerts (15h) | Z94: Agile Delivery and Risk Management (Dec 2025)
A95: NT-1094 | B95: Bhavana Shenoy | C95: bhavana.shenoy@nimbustech.example | D95: Engineering | E95: Principal Backend Engineer | F95: L5 | G95: Charan Hegde | H95: 44114 | I95: 12 | J95: Bengaluru | K95: Hybrid | L95: Full-time | M95: B.E. Information Science | N95: Python (L5), SQL (L4), Docker & Kubernetes (L3) | O95: Cloud Computing (AWS/Azure) (L3), Testing & QA (L3), Node.js (L2) | P95: Oracle SQL Associate | Q95: 3 | R95: 40 | S95: =SUMIFS(Allocations!$G$2:$G$274,Allocations!$B$2:$B$274,A95) -> 34 | T95: =S95/R95 -> 0.85 | U95: =R95-S95 -> 6 | V95: =IF(T95>1,"Overloaded",IF(T95<0.5,"Underutilized","Healthy")) -> Healthy | W95: Retail Demand Forecasting (15h); Hospital Appointment Portal (4h); Logistics Fleet Tracker App (15h)
A96: NT-1095 | B96: Sachin Prasad | C96: sachin.prasad@nimbustech.example | D96: Data & Analytics | E96: Lead Data Analyst | F96: L4 | G96: Charan Jain | H96: 43574 | I96: 8 | J96: Bengaluru | K96: Hybrid | L96: Full-time | M96: MCA | N96: SQL (L5), Power BI / Tableau (L5), Data Analytics (L3) | O96: Python (L2) | P96: Microsoft Power BI Data Analyst (PL-300) | Q96: 4 | R96: 40 | S96: =SUMIFS(Allocations!$G$2:$G$274,Allocations!$B$2:$B$274,A96) -> 32 | T96: =S96/R96 -> 0.8 | U96: =R96-S96 -> 8 | V96: =IF(T96>1,"Overloaded",IF(T96<0.5,"Underutilized","Healthy")) -> Healthy | W96: HR Analytics Dashboard (16h); Hospital Appointment Portal (16h) | X96: 46346 | Y96: 46351 | Z96: Data Analytics with Python and SQL (Feb 2026)
A97: NT-1096 | B97: Arjun Patel | C97: arjun.patel@nimbustech.example | D97: Platform | E97: Lead Cloud Engineer | F97: L4 | G97: Pooja Narayan | H97: 45702 | I97: 8 | J97: Bengaluru | K97: Hybrid | L97: Contract | M97: B.E. Information Science | N97: Cloud Computing (AWS/Azure) (L4), DevOps & CI/CD (L4), Docker & Kubernetes (L4) | O97: Python (L3), Cybersecurity (L3) | P97: AWS Certified Solutions Architect - Associate; Certified Kubernetes Administrator (CKA) | Q97: 3 | R97: 40 | S97: =SUMIFS(Allocations!$G$2:$G$274,Allocations!$B$2:$B$274,A97) -> 48 | T97: =S97/R97 -> 1.2 | U97: =R97-S97 -> -8 | V97: =IF(T97>1,"Overloaded",IF(T97<0.5,"Underutilized","Healthy")) -> Overloaded | W97: Cloud Migration - Legacy ERP (22h); Logistics Fleet Tracker App (14h); Fintech Fraud Alerts (12h) | Z97: Design Systems for Product Teams (Nov 2025)
A98: NT-1097 | B98: Charan Jain | C98: charan.jain@nimbustech.example | D98: Data & Analytics | E98: Principal Data Analyst | F98: L5 | G98: Rajesh Khanna (VP Delivery) | H98: 44285 | I98: 14 | J98: Bengaluru | K98: Hybrid | L98: Full-time | M98: B.Sc Computer Science | N98: SQL (L5), Power BI / Tableau (L5), Python (L4) | O98: Data Analytics (L3), DevOps & CI/CD (L2) | Q98: 3 | R98: 40 | S98: =SUMIFS(Allocations!$G$2:$G$274,Allocations!$B$2:$B$274,A98) -> 32 | T98: =S98/R98 -> 0.8 | U98: =R98-S98 -> 8 | V98: =IF(T98>1,"Overloaded",IF(T98<0.5,"Underutilized","Healthy")) -> Healthy | W98: HR Analytics Dashboard (4h); Retail Demand Forecasting (20h); Hospital Appointment Portal (8h) | Z98: Python for Production Systems (Jan 2026)
A99: NT-1098 | B99: Omkar Sheikh | C99: omkar.sheikh@nimbustech.example | D99: Data & Analytics | E99: Senior Data Scientist | F99: L3 | G99: Charan Jain | H99: 46297 | I99: 5 | J99: Pune | K99: Hybrid | L99: Full-time | M99: B.E. Computer Science | N99: Python (L4), Machine Learning (L4), Data Analytics (L4) | O99: SQL (L4), Apache Spark (L2) | P99: PCEP - Certified Entry-Level Python Programmer; Databricks ML Associate | Q99: 4 | R99: 40 | S99: =SUMIFS(Allocations!$G$2:$G$274,Allocations!$B$2:$B$274,A99) -> 34 | T99: =S99/R99 -> 0.85 | U99: =R99-S99 -> 6 | V99: =IF(T99>1,"Overloaded",IF(T99<0.5,"Underutilized","Healthy")) -> Healthy | W99: Retail Demand Forecasting (18h); HR Analytics Dashboard (16h) | Z99: TypeScript for JavaScript Developers (Jan 2026)
A100: NT-1099 | B100: Omkar Kulkarni | C100: omkar.kulkarni@nimbustech.example | D100: Engineering | E100: Backend Engineer | F100: L2 | G100: Charan Hegde | H100: 44966 | I100: 3 | J100: Pune | K100: Onsite | L100: Full-time | M100: B.Tech Information Technology | N100: SQL (L4), Docker & Kubernetes (L4), Python (L3) | O100: Cloud Computing (AWS/Azure) (L3), Node.js (L2), Testing & QA (L2) | Q100: 3 | R100: 40 | S100: =SUMIFS(Allocations!$G$2:$G$274,Allocations!$B$2:$B$274,A100) -> 14 | T100: =S100/R100 -> 0.35 | U100: =R100-S100 -> 26 | V100: =IF(T100>1,"Overloaded",IF(T100<0.5,"Underutilized","Healthy")) -> Underutilized | W100: Retail Demand Forecasting (14h) | Z100: Test Automation with Playwright (Apr 2026)
...

Sheet Skill_Matrix
A1: Employee ID | B1: Full Name | C1: Python | D1: JavaScript | E1: React | F1: Node.js | G1: SQL | H1: Cloud Computing (AWS/Azure) | I1: Docker & Kubernetes | J1: DevOps & CI/CD | K1: Data Analytics | L1: Power BI / Tableau | M1: Machine Learning | N1: Apache Spark | O1: UI/UX Design | P1: Testing & QA | Q1: Project Management | R1: Cybersecurity
A2: NT-1001 | B2: Pooja Mishra | D2: 2 | G2: 3 | P2: 5
A3: NT-1002 | B3: Varun Teja | D3: 3 | G3: 2 | P3: 5
A4: NT-1003 | B4: Nithya Kamath | D4: 3 | E4: 5 | O4: 4 | P4: 3
A5: NT-1004 | B5: Akash Jain | D5: 5 | E5: 5 | O5: 3 | P5: 3
A6: NT-1005 | B6: Harsha Kapoor | D6: 5 | E6: 5 | F6: 5 | G6: 3 | I6: 2 | J6: 2
A7: NT-1006 | B7: Naveen Prasad | C7: 2 | H7: 4 | I7: 4 | J7: 5 | K7: 2 | R7: 4
A8: NT-1007 | B8: Pallavi Tiwari | C8: 3 | F8: 3 | G8: 3 | H8: 3 | I8: 2 | L8: 2 | P8: 1
A9: NT-1008 | B9: Uday Shenoy | D9: 5 | E9: 5 | M9: 2 | O9: 3 | P9: 3
A10: NT-1009 | B10: Pooja Narayan | C10: 2 | H10: 3 | I10: 3 | J10: 5 | R10: 3
A11: NT-1010 | B11: Charan Hegde | C11: 3 | F11: 4 | G11: 3 | H11: 2 | I11: 3 | P11: 2
A12: NT-1011 | B12: Divya Menon | C12: 4 | G12: 4 | K12: 4 | L12: 3 | M12: 3
A13: NT-1012 | B13: Isha Mehta | C13: 5 | H13: 2 | I13: 3 | K13: 3 | M13: 5
A14: NT-1013 | B14: Naveen Sen | D14: 4 | E14: 4 | F14: 4 | G14: 2 | I14: 2 | P14: 2
A15: NT-1014 | B15: Aarav Teja | C15: 3 | D15: 3 | G15: 2 | P15: 4
A16: NT-1015 | B16: Imran Sheikh | C16: 4 | G16: 3 | K16: 3 | M16: 3 | N16: 2
A17: NT-1016 | B17: Disha Iyer | C17: 5 | F17: 2 | G17: 4 | H17: 4 | I17: 2 | P17: 2
A18: NT-1017 | B18: Keerthi Nambiar | C18: 4 | H18: 3 | I18: 4 | K18: 3 | M18: 5
A19: NT-1018 | B19: Karthik Ghosh | D19: 3 | E19: 2 | J19: 1 | O19: 5
A20: NT-1019 | B20: Usha Khan | D20: 3 | E20: 4 | F20: 3 | G20: 4 | I20: 3
A21: NT-1020 | B21: Ritika Naik | C21: 2 | D21: 2 | H21: 3 | I21: 3 | J21: 5 | R21: 3
A22: NT-1021 | B22: Chetan Sen | D22: 3 | E22: 4 | F22: 5 | G22: 3 | I22: 2 | K22: 1
A23: NT-1022 | B23: Lakshmi Chauhan | C23: 4 | F23: 4 | G23: 4 | H23: 3 | I23: 2 | P23: 2
A24: NT-1023 | B24: Suresh Prasad | C24: 4 | D24: 1 | H24: 4 | I24: 3 | K24: 3 | M24: 4
A25: NT-1024 | B25: Harini Gupta | D25: 4 | E25: 5 | F25: 3 | G25: 3 | I25: 3
A26: NT-1025 | B26: Venkat Kulkarni | D26: 4 | E26: 5 | O26: 2 | P26: 2
A27: NT-1026 | B27: Gautham Iyer | C27: 5 | D27: 2 | H27: 4 | I27: 2 | K27: 4 | M27: 4
A28: NT-1027 | B28: Venkat Reddy | D28: 3 | E28: 5 | O28: 4 | P28: 4
A29: NT-1028 | B29: Vikram Nair | D29: 5 | E29: 5 | G29: 1 | O29: 2 | P29: 3
A30: NT-1029 | B30: Anjali Reddy | C30: 3 | F30: 4 | G30: 5 | H30: 3 | I30: 4 | K30: 1 | P30: 3
A31: NT-1030 | B31: Farhan Shenoy | D31: 4 | E31: 4 | F31: 3 | G31: 4 | I31: 1 | K31: 2
A32: NT-1031 | B32: Divya Kulkarni | D32: 5 | E32: 4 | F32: 3 | G32: 2 | I32: 2 | M32: 2
A33: NT-1032 | B33: Ritika Sheikh | D33: 3 | G33: 2 | P33: 5
A34: NT-1033 | B34: Meera Bhandari | K34: 1 | L34: 3 | Q34: 5
A35: NT-1034 | B35: Venkat Prasad | C35: 3 | H35: 5 | I35: 4 | J35: 5 | P35: 1 | R35: 3
A36: NT-1035 | B36: Meera Iyer | C36: 3 | G36: 5 | K36: 4 | L36: 5
A37: NT-1036 | B37: Eshwar Reddy | D37: 1 | E37: 2 | M37: 1 | O37: 5
A38: NT-1037 | B38: Eshwar Rajan | C38: 4 | H38: 5 | I38: 3 | J38: 5 | R38: 3
A39: NT-1038 | B39: Pranav Bhat | C39: 2 | H39: 5 | I39: 5 | J39: 5 | M39: 2 | R39: 2
A40: NT-1039 | B40: Sowmya Kamath | J40: 2 | K40: 1 | L40: 3 | Q40: 4
A41: NT-1040 | B41: Ramesh Mehta | C41: 5 | F41: 3 | G41: 4 | H41: 3 | I41: 3 | J41: 2 | P41: 2
A42: NT-1041 | B42: Varun Nair | D42: 4 | E42: 5 | O42: 4 | P42: 3
A43: NT-1042 | B43: Vikram Hegde | C43: 3 | H43: 4 | I43: 4 | J43: 3
A44: NT-1043 | B44: Arjun Shenoy | C44: 3 | F44: 2 | G44: 3 | H44: 3 | I44: 2 | P44: 2
A45: NT-1044 | B45: Naveen Nambiar | D45: 4 | E45: 5 | O45: 2 | P45: 2
A46: NT-1045 | B46: Lohith Nambiar | C46: 2 | G46: 5 | K46: 5 | L46: 4 | P46: 1
A47: NT-1046 | B47: Ishaan Dutta | C47: 2 | H47: 3 | J47: 4 | R47: 4
A48: NT-1047 | B48: Divya Acharya | C48: 4 | F48: 3 | G48: 3 | H48: 3 | I48: 4 | P48: 2 | R48: 1
A49: NT-1048 | B49: Gagana Ali | C49: 2 | H49: 5 | I49: 3 | J49: 5 | R49: 2
A50: NT-1049 | B50: Swathi Dutta | C50: 2 | H50: 3 | I50: 4 | J50: 4 | Q50: 2 | R50: 2
A51: NT-1050 | B51: Nandini Rao | C51: 5 | G51: 4 | K51: 3 | M51: 5
A52: NT-1051 | B52: Meera Naik | C52: 5 | G52: 3 | K52: 5 | M52: 3 | N52: 1
A53: NT-1052 | B53: Sowmya Gowda | C53: 2 | D53: 4 | G53: 3 | I53: 1 | P53: 5
A54: NT-1053 | B54: Harini Iyer | G54: 2 | K54: 1 | L54: 3 | Q54: 5
A55: NT-1054 | B55: Aarav Iyer | C55: 4 | G55: 5 | I55: 1 | K55: 5 | L55: 4
A56: NT-1055 | B56: Ananya Dutta | C56: 3 | H56: 3 | I56: 3 | J56: 4 | R56: 2
A57: NT-1056 | B57: Sanjay Kamath | C57: 3 | G57: 5 | K57: 4 | L57: 3 | M57: 1
A58: NT-1057 | B58: Pooja Desai | C58: 4 | E58: 2 | H58: 4 | J58: 3 | R58: 4
A59: NT-1058 | B59: Sneha Bansal | D59: 3 | E59: 5 | M59: 1 | O59: 4 | P59: 2
A60: NT-1059 | B60: Vikram Gupta | D60: 4 | E60: 4 | F60: 5 | G60: 4 | H60: 2 | I60: 2
A61: NT-1060 | B61: Mahesh Dutta | D61: 5 | E61: 4 | F61: 5 | G61: 4 | I61: 2
A62: NT-1061 | B62: Trisha Kumar | C62: 4 | F62: 4 | G62: 4 | H62: 3 | I62: 3 | P62: 3
A63: NT-1062 | B63: Deepak Acharya | C63: 4 | F63: 4 | G63: 4 | H63: 2 | I63: 2 | P63: 2
A64: NT-1063 | B64: Bhavana Hiremath | D64: 5 | E64: 4 | F64: 4 | G64: 3 | I64: 2
A65: NT-1064 | B65: Pooja Tiwari | C65: 3 | F65: 4 | G65: 4 | H65: 3 | I65: 3 | J65: 2 | P65: 1
A66: NT-1065 | B66: Nandini Dutta | C66: 2 | H66: 3 | I66: 4 | J66: 4 | L66: 1
A67: NT-1066 | B67: Omkar Jain | D67: 1 | E67: 2 | O67: 5
A68: NT-1067 | B68: Karthik Nair | C68: 3 | H68: 5 | I68: 4 | J68: 4 | R68: 3
A69: NT-1068 | B69: Sneha Kulkarni | C69: 4 | G69: 4 | H69: 2 | K69: 3
A70: NT-1069 | B70: Mohan Bhat | C70: 3 | G70: 5 | K70: 5 | L70: 3
A71: NT-1070 | B71: Ramesh Teja | C71: 1 | D71: 4 | G71: 2 | P71: 4
A72: NT-1071 | B72: Imran Tiwari | C72: 3 | E72: 1 | F72: 4 | G72: 3 | H72: 3 | I72: 3 | P72: 3
A73: NT-1072 | B73: Pooja Reddy | C73: 2 | G73: 4 | K73: 4 | L73: 4
A74: NT-1073 | B74: Karthik Sharma | D74: 4 | E74: 4 | F74: 5 | G74: 2 | I74: 3 | J74: 1
A75: NT-1074 | B75: Nikhil Sheikh | C75: 3 | F75: 2 | G75: 4 | H75: 3 | I75: 3 | O75: 1 | P75: 2
A76: NT-1075 | B76: Sneha Reddy | D76: 4 | E76: 4 | F76: 5 | G76: 3 | I76: 3
A77: NT-1076 | B77: Ramesh Dutta | C77: 3 | H77: 3 | I77: 3 | J77: 4 | R77: 2
A78: NT-1077 | B78: Harsha Mishra | C78: 4 | H78: 4 | I78: 3 | J78: 4 | O78: 1 | R78: 1
A79: NT-1078 | B79: Deepak Sharma | C79: 4 | D79: 1 | F79: 2 | G79: 4 | H79: 3 | I79: 3 | P79: 3
A80: NT-1079 | B80: Nikhil Ali | C80: 3 | G80: 5 | H80: 1 | K80: 5 | L80: 5
A81: NT-1080 | B81: Priya Teja | D81: 3 | E81: 2 | O81: 5
A82: NT-1081 | B82: Lakshmi Pillai | C82: 3 | G82: 1 | H82: 4 | J82: 2 | R82: 4
A83: NT-1082 | B83: Harini Hiremath | C83: 1 | D83: 3 | G83: 3 | P83: 5
A84: NT-1083 | B84: Kavya Menon | L84: 4 | Q84: 5
A85: NT-1084 | B85: Gautham Singh | D85: 2 | O85: 5 | Q85: 2
A86: NT-1085 | B86: Charan Sheikh | C86: 4 | G86: 4 | K86: 4 | M86: 5 | N86: 2
A87: NT-1086 | B87: Sachin Hegde | C87: 3 | F87: 2 | G87: 5 | H87: 3 | I87: 3 | O87: 2 | P87: 3
A88: NT-1087 | B88: Tejas Teja | C88: 3 | H88: 3 | I88: 3 | K88: 4 | M88: 5
A89: NT-1088 | B89: Aditya Mehta | C89: 3 | G89: 4 | K89: 4 | L89: 4
A90: NT-1089 | B90: Ritika Rajan | C90: 4 | F90: 2 | G90: 3 | H90: 4 | I90: 2 | P90: 2
A91: NT-1090 | B91: Manoj Naik | C91: 4 | F91: 3 | G91: 5 | H91: 2 | I91: 4 | P91: 2
A92: NT-1091 | B92: Harini Tiwari | C92: 1 | D92: 2 | G92: 2 | P92: 5
A93: NT-1092 | B93: Rohan Shetty | C93: 4 | F93: 3 | G93: 4 | H93: 3 | I93: 3
A94: NT-1093 | B94: Keerthi Teja | C94: 5 | H94: 3 | I94: 3 | K94: 4 | M94: 4
A95: NT-1094 | B95: Bhavana Shenoy | C95: 5 | F95: 2 | G95: 4 | H95: 3 | I95: 3 | P95: 3
A96: NT-1095 | B96: Sachin Prasad | C96: 2 | G96: 5 | K96: 3 | L96: 5
A97: NT-1096 | B97: Arjun Patel | C97: 3 | H97: 4 | I97: 4 | J97: 4 | R97: 3
A98: NT-1097 | B98: Charan Jain | C98: 4 | G98: 5 | J98: 2 | K98: 3 | L98: 5
A99: NT-1098 | B99: Omkar Sheikh | C99: 4 | G99: 4 | K99: 4 | M99: 4 | N99: 2
A100: NT-1099 | B100: Omkar Kulkarni | C100: 3 | F100: 2 | G100: 4 | H100: 3 | I100: 4 | P100: 2
...

Sheet Allocations
A1: Allocation ID | B1: Employee ID | C1: Employee | D1: Project ID | E1: Project | F1: Task | G1: Hours/Week | H1: Priority | I1: Movable
A2: AL-0001 | B2: NT-1001 | C2: Pooja Mishra | D2: P2 | E2: Hospital Appointment Portal | F2: Booking flow UI | G2: 15 | H2: Low | I2: Yes
A3: AL-0002 | B3: NT-1001 | C3: Pooja Mishra | D3: P5 | E3: HR Analytics Dashboard | F3: KPI dashboards | G3: 17 | H3: High | I3: Yes
A4: AL-0003 | B4: NT-1002 | C4: Varun Teja | D4: P2 | E4: Hospital Appointment Portal | F4: Booking flow UI | G4: 21 | H4: Low | I4: Yes
A5: AL-0004 | B5: NT-1002 | C5: Varun Teja | D5: P4 | E5: Logistics Fleet Tracker App | F5: Telemetry ingestion | G5: 13 | H5: High | I5: Yes
A6: AL-0005 | B6: NT-1003 | C6: Nithya Kamath | D6: P2 | E6: Hospital Appointment Portal | F6: Booking flow UI | G6: 8 | H6: Medium | I6: Yes
A7: AL-0006 | B7: NT-1003 | C7: Nithya Kamath | D7: P4 | E7: Logistics Fleet Tracker App | F7: Telemetry ingestion | G7: 24 | H7: High | I7: No
A8: AL-0007 | B8: NT-1004 | C8: Akash Jain | D8: P2 | E8: Hospital Appointment Portal | F8: Slot scheduler API | G8: 5 | H8: Medium | I8: No
A9: AL-0008 | B9: NT-1004 | C9: Akash Jain | D9: P4 | E9: Logistics Fleet Tracker App | F9: Map view | G9: 19 | H9: High | I9: No
A10: AL-0009 | B10: NT-1005 | C10: Harsha Kapoor | D10: P4 | E10: Logistics Fleet Tracker App | F10: Map view | G10: 17 | H10: High | I10: No
A11: AL-0010 | B11: NT-1005 | C11: Harsha Kapoor | D11: P2 | E11: Hospital Appointment Portal | F11: Auth service | G11: 17 | H11: Medium | I11: Yes
A12: AL-0011 | B12: NT-1006 | C12: Naveen Prasad | D12: P6 | E12: Cloud Migration - Legacy ERP | F12: Infra as code | G12: 10 | H12: High | I12: Yes
A13: AL-0012 | B13: NT-1006 | C13: Naveen Prasad | D13: P3 | E13: Fintech Fraud Alerts | F13: Alert rules engine | G13: 6 | H13: Low | I13: Yes
... A274: AL-0273 | B274: NT-1120 | C274: Chetan Nair | D274: P1 | E274: Retail Demand Forecasting | F274: Forecast API | G274: 22 | H274: High | I274: Yes

Sheet Projects
A1: Project ID | B1: Project | C1: Client | D1: Description | E1: Status | F1: Start Date | G1: Deadline | H1: Priority | I1: Assigned People | J1: Assigned Hrs/Week
A2: P1 | B2: Retail Demand Forecasting | C2: UrbanKart | D2: ML forecasting for store-level demand. | E2: Active | F2: 46237 | G2: 46374 | H2: High | I2: =COUNTIFS(Allocations!$D$2:$D$274,A2) -> 60 | J2: =SUMIFS(Allocations!$G$2:$G$274,Allocations!$D$2:$D$274,A2) -> 741
A3: P2 | B3: Hospital Appointment Portal | C3: CarePoint Health | D3: Patient booking web app. | E3: Active | F3: 46216 | G3: 46353 | H3: Medium | I3: =COUNTIFS(Allocations!$D$2:$D$274,A3) -> 64 | J3: =SUMIFS(Allocations!$G$2:$G$274,Allocations!$D$2:$D$274,A3) -> 764
A4: P3 | B4: Fintech Fraud Alerts | C4: PayNova | D4: Real-time transaction anomaly alerts. | E4: Active | F4: 46266 | G4: 46402 | H4: High | I4: =COUNTIFS(Allocations!$D$2:$D$274,A4) -> 32 | J4: =SUMIFS(Allocations!$G$2:$G$274,Allocations!$D$2:$D$274,A4) -> 374
A5: P4 | B5: Logistics Fleet Tracker App | C5: MoveFast Logistics | D5: Live fleet tracking web and mobile app. | E5: Active | F5: 46258 | G5: 46367 | H5: Medium | I5: =COUNTIFS(Allocations!$D$2:$D$274,A5) -> 62 | J5: =SUMIFS(Allocations!$G$2:$G$274,Allocations!$D$2:$D$274,A5) -> 931
A6: P5 | B6: HR Analytics Dashboard | C6: TalentBridge | D6: Attrition and hiring analytics dashboards. | E6: Active | F6: 46279 | G6: 46346 | H6: Medium | I6: =COUNTIFS(Allocations!$D$2:$D$274,A6) -> 32 | J6: =SUMIFS(Allocations!$G$2:$G$274,Allocations!$D$2:$D$274,A6) -> 457
A7: P6 | B7: Cloud Migration - Legacy ERP | C7: SteelWorks Ltd | D7: Lift and modernize on-prem ERP to cloud. | E7: Active | F7: 46195 | G7: 46416 | H7: High | I7: =COUNTIFS(Allocations!$D$2:$D$274,A7) -> 23 | J7: =SUMIFS(Allocations!$G$2:$G$274,Allocations!$D$2:$D$274,A7) -> 312
A8: P7 | B8: Customer Churn Analytics Platform | C8: TeleSure | D8: New project (Scenario A): churn prediction pipeline, cloud deployment, analytics dashboards. | E8: Planning | F8: 46328 | G8: 46444 | H8: High | I8: =COUNTIFS(Allocations!$D$2:$D$274,A8) -> 0 | J8: =SUMIFS(Allocations!$G$2:$G$274,Allocations!$D$2:$D$274,A8) -> 0

Sheet Project_Requirements
A1: Project ID | B1: Project | C1: Skill ID | D1: Skill | E1: Min Level | F1: Weight
A2: P1 | B2: Retail Demand Forecasting | C2: python | D2: Python | E2: 4 | F2: 0.3
A3: P1 | B3: Retail Demand Forecasting | C3: ml | D3: Machine Learning | E3: 4 | F3: 0.3
A4: P1 | B4: Retail Demand Forecasting | C4: sql | D4: SQL | E4: 3 | F4: 0.2
A5: P1 | B5: Retail Demand Forecasting | C5: cloud | D5: Cloud Computing (AWS/Azure) | E5: 3 | F5: 0.2
A6: P2 | B6: Hospital Appointment Portal | C6: react | D6: React | E6: 4 | F6: 0.27
A7: P2 | B7: Hospital Appointment Portal | C7: nodejs | D7: Node.js | E7: 4 | F7: 0.27
A8: P2 | B8: Hospital Appointment Portal | C8: sql | D8: SQL | E8: 3 | F8: 0.18
A9: P2 | B9: Hospital Appointment Portal | C9: uiux | D9: UI/UX Design | E9: 3 | F9: 0.18
A10: P2 | B10: Hospital Appointment Portal | C10: qa | D10: Testing & QA | E10: 3 | F10: 0.09
A11: P3 | B11: Fintech Fraud Alerts | C11: python | D11: Python | E11: 4 | F11: 0.3
A12: P3 | B12: Fintech Fraud Alerts | C12: ml | D12: Machine Learning | E12: 3 | F12: 0.2
A13: P3 | B13: Fintech Fraud Alerts | C13: cybersecurity | D13: Cybersecurity | E13: 4 | F13: 0.3
... A32: P7 | B32: Customer Churn Analytics Platform | C32: power_bi | D32: Power BI / Tableau | E32: 2 | F32: 0.05

Sheet Training_Catalog
A1: Course ID | B1: Course | C1: Skill ID | D1: Skill | E1: Level | F1: Duration (Hrs) | G1: Provider | H1: Mode
A2: T01 | B2: Python for Production Systems | C2: python | D2: Python | E2: Advanced | F2: 24 | G2: Coursera | H2: Self-paced
A3: T02 | B3: Python Fundamentals Bootcamp | C3: python | D3: Python | E3: Beginner | F3: 16 | G3: Udemy | H3: Instructor-led
A4: T03 | B4: Cloud Architecture Essentials (AWS/Azure) | C4: cloud | D4: Cloud Computing (AWS/Azure) | E4: Intermediate | F4: 20 | G4: LinkedIn Learning | H4: Self-paced
A5: T04 | B5: Cloud Solutions Architect Prep | C5: cloud | D5: Cloud Computing (AWS/Azure) | E5: Advanced | F5: 32 | G5: Internal Learning Hub | H5: Self-paced
A6: T05 | B6: Data Analytics with Python and SQL | C6: data_analytics | D6: Data Analytics | E6: Intermediate | F6: 18 | G6: Coursera | H6: Instructor-led
A7: T06 | B7: Advanced Analytics and Storytelling | C7: data_analytics | D7: Data Analytics | E7: Advanced | F7: 14 | G7: Udemy | H7: Self-paced
A8: T07 | B8: Apache Spark Essentials for Data Engineers | C8: spark | D8: Apache Spark | E8: Intermediate | F8: 18 | G8: LinkedIn Learning | H8: Instructor-led
A9: T08 | B9: Spark Performance Tuning | C9: spark | D9: Apache Spark | E9: Advanced | F9: 12 | G9: Internal Learning Hub | H9: Self-paced
A10: T09 | B10: Advanced SQL for Analysts | C10: sql | D10: SQL | E10: Intermediate | F10: 12 | G10: Coursera | H10: Self-paced
A11: T10 | B11: Power BI Dashboard Design | C11: power_bi | D11: Power BI / Tableau | E11: Intermediate | F11: 10 | G11: Udemy | H11: Instructor-led
A12: T11 | B12: Applied Machine Learning | C12: ml | D12: Machine Learning | E12: Intermediate | F12: 28 | G12: LinkedIn Learning | H12: Self-paced
A13: T12 | B13: Kubernetes in Practice | C13: docker_k8s | D13: Docker & Kubernetes | E13: Intermediate | F13: 16 | G13: Internal Learning Hub | H13: Instructor-led
... A21: T20 | B21: Agile Delivery and Risk Management | C21: project_mgmt | D21: Project Management | E21: Intermediate | F21: 10 | G21: Internal Learning Hub | H21: Self-paced

Sheet Skills
A1: Skill ID | B1: Skill | C1: Category
A2: python | B2: Python | C2: Programming
A3: javascript | B3: JavaScript | C3: Programming
A4: react | B4: React | C4: Frontend
A5: nodejs | B5: Node.js | C5: Backend
A6: sql | B6: SQL | C6: Data
A7: cloud | B7: Cloud Computing (AWS/Azure) | C7: Infrastructure
A8: docker_k8s | B8: Docker & Kubernetes | C8: Infrastructure
A9: devops | B9: DevOps & CI/CD | C9: Infrastructure
A10: data_analytics | B10: Data Analytics | C10: Data
A11: power_bi | B11: Power BI / Tableau | C11: Data
A12: ml | B12: Machine Learning | C12: AI
... A17: cybersecurity | B17: Cybersecurity | C17: Security
